<?xml version="1.0" encoding="UTF-8"?>
<kml xmlns="http://www.opengis.net/kml/2.2">
<Document>
  <name>Wilayah Kerja SAR Surabaya</name>
<Placemark id="indonesia_srr_2026.43">
			<name>Surabaya</name>
			<Style>
				<LineStyle>
					<color>ff0000ff</color>
				</LineStyle>
				<PolyStyle>
					<fill>0</fill>
				</PolyStyle>
			</Style>
			<ExtendedData>
				<SchemaData schemaUrl="#indonesia_srr_2026">
					<SimpleData name="layer">Combine1 Area Features _shp</SimpleData>
					<SimpleData name="path">Area Features _shp.shp</SimpleData>
					<SimpleData name="descriptio">Unknown Area Type</SimpleData>
					<SimpleData name="tessellate">-1</SimpleData>
					<SimpleData name="extrude">0</SimpleData>
					<SimpleData name="visibility">-1</SimpleData>
				</SchemaData>
			</ExtendedData>
			<MultiGeometry>
				<Polygon>
					<outerBoundaryIs>
						<LinearRing>
							<coordinates>
								115.299165498453,-5.735826333779941,0 116.165275520463,-5.949157750083341,0 117.179999915066,-6.261105427908791,0 116.506112770901,-7.562221050439111,0 115.904165144425,-7.79610878373856,0 114.932777543897,-7.590271501412121,0 114.932775715212,-7.59027334259769,0 114.040997162044,-7.40531043158739,0 113.100599374948,-7.495363815476299,0 113.10059937495,-7.701485933407781,0 113.098808611856,-7.70403908439078,0 113.098392214884,-7.70436635291339,0 113.097660560842,-7.7045801219271,0 113.097412324186,-7.70470859223012,0 113.097110819355,-7.7050943512972,0 113.096995927214,-7.70566393778975,0 113.096544366285,-7.706153447941659,0 113.096478399564,-7.70646508855665,0 113.096369999677,-7.70631999986731,0 113.096020000623,-7.70615000012165,0 113.095873785248,-7.70609859127611,0 113.095687755087,-7.706172219671401,0 113.095565696401,-7.706206072851129,0 113.094833269641,-7.70623039681451,0 113.094612024726,-7.70625709139083,0 113.094077967725,-7.70659135230827,0 113.093925394143,-7.70668814274278,0 113.093589682619,-7.70677112858391,0 113.093414209599,-7.70679494532964,0 113.093299768171,-7.706767309163219,0 113.093086139615,-7.70659565736289,0 113.092941182391,-7.70646498856755,0 113.09276571117,-7.70638057730095,0 113.092652356122,-7.70638474116212,0 113.092536822917,-7.70642734204743,0 113.092445254846,-7.70660757697734,0 113.092407126289,-7.707305161303379,0 113.092368994135,-7.70775674237893,0 113.092033282611,-7.70790743098231,0 113.091514482608,-7.70791744043673,0 113.091283343353,-7.707890835792641,0 113.090454008347,-7.70779538175064,0 113.089477438134,-7.70800898602508,0 113.089301966913,-7.708005648640939,0 113.088493251563,-7.70753310436842,0 113.08833303824,-7.707446783841161,0 113.088119409684,-7.7074210569354,0 113.087997338408,-7.70755242360468,0 113.087884022031,-7.70777167831951,0 113.087737172633,-7.708279527277589,0 113.087646381576,-7.70851349580037,0 113.08751287542,-7.70869133673497,0 113.08734120923,-7.70881581459739,0 113.086799534972,-7.70919299476005,0 113.086631681008,-7.70932985179038,0 113.086590611668,-7.70940940491935,0 113.086532495679,-7.709521983851659,0 113.086494340143,-7.709714648311519,0 113.086479105627,-7.70988153640295,0 113.086418051553,-7.709984999807109,0 113.086213204877,-7.710026579062609,0 113.086097623108,-7.71000265170021,0 113.085883994552,-7.709815742901371,0 113.085792425581,-7.70973991566373,0 113.085288908657,-7.70967030184217,0 113.085143927152,-7.70966169443086,0 113.085021867566,-7.709761847430531,0 113.08489980888,-7.710110421957641,0 113.08482352119,-7.71030685727481,0 113.084770085272,-7.71053480034003,0 113.084762467115,-7.7106659259909,0 113.084664235967,-7.710855757586321,0 113.084586994995,-7.711013075092539,0 113.084411524673,-7.71129249355291,0 113.084190256376,-7.71153615406948,0 113.08399191,-7.71178649744812,0 113.083859317555,-7.71194276184812,0 113.083427337203,-7.712447875068529,0 113.083129783014,-7.712674849563821,0 113.08281696823,-7.71286318558677,0 113.082642382841,-7.7129522607374,0 113.082488923426,-7.71303055841277,0 113.082328707405,-7.71316789837901,0 113.082269717275,-7.71328480394975,0 113.082168468901,-7.713485450792089,0 113.082137954004,-7.713601343726179,0 113.082235596097,-7.71384369482981,0 113.082328707405,-7.71397709666481,0 113.082656777389,-7.71426127973345,0 113.082656777389,-7.71439908105198,0 113.082580466316,-7.714527354053361,0 113.081848062939,-7.71464750257942,0 113.081397934268,-7.71469806336413,0 113.081124447736,-7.71463551011986,0 113.081031706949,-7.71460983177756,0 113.080940138877,-7.7146565947253,0 113.080886956569,-7.714791218738921,0 113.080902007623,-7.715130080587911,0 113.080970654673,-7.715567806708141,0 113.081001192952,-7.715833881027971,0 113.081184281431,-7.71620201670893,0 113.081260594302,-7.7163440970017,0 113.081275850401,-7.71646190099511,0 113.080852591675,-7.716561181652399,0 113.080657865969,-7.716606857319831,0 113.080444238312,-7.716694098752841,0 113.080354428415,-7.71675700992724,0 113.080261124652,-7.71682237175422,0 113.080116167428,-7.717039335895799,0 113.079975031424,-7.717379327293331,0 113.07992543741,-7.7177083397673,0 113.079913367609,-7.717833383303181,0 113.079902564053,-7.71794532641494,0 113.079839360599,-7.718593547853161,0 113.079803378724,-7.7188556192906,0 113.079780481085,-7.71901390087,0 113.07976305762,-7.719118536090751,0 113.079696553654,-7.71951792681009,0 113.079614516598,-7.719679731033981,0 113.079368481871,-7.719894162684731,0 113.0789183532,-7.720205042128251,0 113.078758138978,-7.72035860676348,0 113.078582665059,-7.720664262944551,0 113.078529275906,-7.72082350859722,0 113.078483480629,-7.721225015421359,0 113.078417882281,-7.72138412437706,0 113.078300392151,-7.72149727797617,0 113.077979939424,-7.721595519916529,0 113.077735795072,-7.72160265333892,0 113.077064420588,-7.72135471384812,0 113.076908622036,-7.72131588561886,0 113.076782124297,-7.721345672064349,0 113.076476951052,-7.72174524174871,0 113.076270940652,-7.722154361333851,0 113.076208183262,-7.722398941856891,0 113.076188994428,-7.72255361535632,0 113.076278605574,-7.72295212384066,0 113.07630148073,-7.72309089103102,0 113.076217550601,-7.72325920544721,0 113.076141265608,-7.72334264994252,0 113.075396668323,-7.72337032657853,0 113.074432094167,-7.723578745362001,0 113.074226281619,-7.72364448580354,0 113.074031730381,-7.723820924695119,0 113.073814283304,-7.72413419813396,0 113.073631193925,-7.72437261110634,0 113.073539624955,-7.724490872854651,0 113.073440463907,-7.7245550089057,0 113.07332602068,-7.72469925296737,0 113.073236593895,-7.72478901340148,0 113.073066621129,-7.72495962108883,0 113.072851837843,-7.72534704632828,0 113.072753808143,-7.7258126811095,0 113.072738551144,-7.72604487886723,0 113.072753809042,-7.72627852633216,0 113.072769065141,-7.726762048628849,0 113.072822478576,-7.72690770642472,0 113.072929280263,-7.72701525904611,0 113.072995343561,-7.72707907943517,0 113.073005591336,-7.72734712506895,0 113.072981012864,-7.7274631331163,0 113.072921638724,-7.72774338344964,0 113.072696298297,-7.72825133762827,0 113.07260123456,-7.72852300842932,0 113.072547796844,-7.7287037280938,0 113.072448636696,-7.72902894542873,0 113.072372338214,-7.72924588438921,0 113.072166340405,-7.72950816267079,0 113.072090050916,-7.72958824639969,0 113.071899322697,-7.7295887293356,0 113.071815392567,-7.729516262864471,0 113.071792496727,-7.72914479069873,0 113.071739107575,-7.72901628657157,0 113.071494939841,-7.72912334186793,0 113.071342367158,-7.72929025603966,0 113.071227663127,-7.729646802157349,0 113.071197409034,-7.72974084516309,0 113.0711439956,-7.72995780840531,0 113.07113638104,-7.73025679071755,0 113.071090606447,-7.730589142374229,0 113.070983781377,-7.73090765975994,0 113.070865424301,-7.73118687677212,0 113.070738983219,-7.73147204459836,0 113.070663351134,-7.731639605382631,0 113.070632837137,-7.73175501538081,0 113.070754921004,-7.73200916738834,0 113.07085591487,-7.73233294490869,0 113.07104481117,-7.73288464301109,0 113.071082966707,-7.73301576866197,0 113.071018129184,-7.7331941060224,0 113.070884621229,-7.73319411771358,0 113.070754920104,-7.733125447280771,0 113.070457365016,-7.73282931941677,0 113.07035056243,-7.73273298673716,0 113.070220837922,-7.73270392334662,0 113.070098780136,-7.732768530642399,0 113.069984336009,-7.73288655227176,0 113.070182707567,-7.73365377470108,0 113.069984336009,-7.7342560182998,0 113.069732381945,-7.73464543194033,0 113.069396865574,-7.7351815699727,0 113.069213777095,-7.735410915080849,0 113.068984893339,-7.73560357864142,0 113.068839935216,-7.73569891936883,0 113.068307469115,-7.73579182832944,0 113.067718408679,-7.73599647715488,0 113.067611606092,-7.73603509044629,0 113.067497138583,-7.73605656176008,0 113.067262282429,-7.73620593915196,0 113.066978362862,-7.73638651942154,0 113.066749479106,-7.73653720712564,0 113.06663503498,-7.73664591897316,0 113.066581624244,-7.73684334534326,0 113.066551130931,-7.737346888347441,0 113.066512952012,-7.737552875364131,0 113.066284091638,-7.737910033920101,0 113.06616962413,-7.73797582742168,0 113.065971279552,-7.73797773668243,0 113.06555930372,-7.7375886378046,0 113.065360933961,-7.73741792939311,0 113.065238850993,-7.73736690995412,0 113.065032863977,-7.73739694101523,0 113.064834494218,-7.73747465503054,0 113.064735307989,-7.73758148099977,0 113.064750590169,-7.73773884167341,0 113.064803979321,-7.73814748012129,0 113.064620866561,-7.738315817919841,0 113.064453034181,-7.73845313540309,0 113.064384364648,-7.73858331856449,0 113.064376748289,-7.73898339456722,0 113.064407813571,-7.73919422533242,0 113.064483549078,-7.73946403993269,0 113.064498806975,-7.739582278298719,0 113.064292795677,-7.739677667589491,0 113.064170736991,-7.73966717340051,0 113.063796894212,-7.739497432659581,0 113.063682477066,-7.73948788185952,0 113.063560393199,-7.73954985504095,0 113.063476463969,-7.73969913980266,0 113.063452705679,-7.739961051160771,0 113.063415435075,-7.74044534957245,0 113.063233061558,-7.74074382286831,0 113.063125520627,-7.74082110341037,0 113.062919510228,-7.7408492476938,0 113.062736419951,-7.74080729611906,0 113.06263723642,-7.74079680193007,0 113.062530434733,-7.74086404603813,0 113.062469380658,-7.74097466804569,0 113.062454146143,-7.741083839446851,0 113.06217946621,-7.74132894967052,0 113.061988736192,-7.74142240272089,0 113.06174459184,-7.74148391634886,0 113.061485192289,-7.7418305816153,0 113.061248666993,-7.74207042091244,0 113.061040767119,-7.74215818035491,0 113.060806178064,-7.74219059372014,0 113.060668838097,-7.74217628011038,0 113.060516263616,-7.74207042091244,0 113.060375114121,-7.741856091784389,0 113.060157666144,-7.74179553413581,0 113.059913536182,-7.74208282436208,0 113.059783835956,-7.74231362097599,0 113.059448125332,-7.742679823114561,0 113.05920400706,-7.74299691507472,0 113.058715721055,-7.74395106968533,0 113.058463963043,-7.7445533375657,0 113.05839529171,-7.744679677924049,0 113.057962820329,-7.744927629105949,0 113.057548421723,-7.744996795065221,0 113.057258507275,-7.74504111635363,0 113.056716811433,-7.745291932775671,0 113.056594750049,-7.74542115006525,0 113.05650320536,-7.745924715552331,0 113.056457435263,-7.74628615488129,0 113.056342965956,-7.7464640209969,0 113.056083590686,-7.7466442559269,0 113.0557707777,-7.74686504038855,0 113.05558766494,-7.74708676913822,0 113.055355049897,-7.74759351372887,0 113.055259618338,-7.74791262556644,0 113.055221463701,-7.74799657907805,0 113.054984960888,-7.74805424810423,0 113.054832363024,-7.7480704727733,0 113.054710305237,-7.748152007108591,0 113.054679790341,-7.74826835869695,0 113.054824746666,-7.748827683949639,0 113.054901034356,-7.74896836309868,0 113.055107019574,-7.74921726666267,0 113.055175692705,-7.74936079936057,0 113.055255787226,-7.749800675759791,0 113.055282492594,-7.75000023082524,0 113.05532064903,-7.750320200615989,0 113.055249983901,-7.75075045606788,0 113.055122278371,-7.75152802609669,0 113.055114635933,-7.751700620386571,0 113.055183308164,-7.751878970337471,0 113.055366420025,-7.752100216151221,0 113.055725004906,-7.752482157324931,0 113.055885220028,-7.75267481998614,0 113.055953889561,-7.752917996667421,0 113.05594625072,-7.75331425414873,0 113.055953889561,-7.753560306861871,0 113.05595387787,-7.75373673406219,0 113.055950583654,-7.753979033005139,0 113.055953889561,-7.75414395607785,0 113.055524274427,-7.755590548863941,0 113.055425425444,-7.75592546898438,0 113.055366420925,-7.756293048884319,0 113.055374038182,-7.7565858168811,0 113.055419809178,-7.756767987152151,0 113.055572407042,-7.75706360779842,0 113.055854706031,-7.75765228692271,0 113.056030178151,-7.75804160433577,0 113.056251447347,-7.75844122168423,0 113.056548977255,-7.75873636029396,0 113.056618224153,-7.75879300769033,0 113.056915180292,-7.759082083070859,0 113.057014364722,-7.75920699440644,0 113.057083036054,-7.75943302641226,0 113.057067777257,-7.7596399676096,0 113.057029646002,-7.759858831119311,0 113.056968593727,-7.760444874330699,0 113.056938077032,-7.76095460556978,0 113.056930460673,-7.76151156290754,0 113.056945695189,-7.76206136074236,0 113.056915180292,-7.76228021076233,0 113.056823635603,-7.76260782299185,0 113.056762604911,-7.7627747110832,0 113.056761860273,-7.76314081069906,0 113.056670172591,-7.763472138927299,0 113.056434534927,-7.76430678532907,0 113.056339158227,-7.76490187212286,0 113.056236165168,-7.76495767865319,0 113.055908117667,-7.76507161376316,0 113.055457988996,-7.765232796555521,0 113.054534807037,-7.76581883976681,0 113.05439746797,-7.76599191879117,0 113.054344077918,-7.766198872579049,0 113.054275432666,-7.766467800447829,0 113.054214378592,-7.76667857365649,0 113.054115193263,-7.76681540640509,0 113.053954978141,-7.76688647083321,0 113.053665063693,-7.76689266176613,0 113.053428562679,-7.76689935901733,0 113.053260706917,-7.766957028043599,0 113.053169137047,-7.767047628444559,0 113.053085232998,-7.76741433869996,0 113.053138647332,-7.76774144191319,0 113.052749547555,-7.76842045703767,0 113.052604590331,-7.76864027472812,0 113.052482505564,-7.76882529764857,0 113.052451990668,-7.76894547135565,0 113.052505405001,-7.7691195171512,0 113.052585045365,-7.76926929474135,0 113.052604590331,-7.76939272309485,0 113.052407834855,-7.76973000663372,0 113.052223106013,-7.76995872131718,0 113.051948448563,-7.77027965877841,0 113.051826389877,-7.77043842239444,0 113.051719565706,-7.770603402124501,0 113.051582247324,-7.77172635588577,0 113.051406776103,-7.77221700980637,0 113.051391493024,-7.77241395413992,0 113.051399133664,-7.77261996543825,0 113.05133810567,-7.77322029887686,0 113.051307589874,-7.773367625814531,0 113.051299974415,-7.773545008994139,0 113.051299975315,-7.77377343409591,0 113.051254178239,-7.77388594288122,0 113.051040547884,-7.77402565256104,0 113.050834563565,-7.77410863840218,0 113.050666706904,-7.77454447684538,0 113.050601548324,-7.77465951542351,0 113.050506492681,-7.77483772777807,0 113.050491235683,-7.774990327440841,0 113.050582802855,-7.775243028841889,0 113.050651475086,-7.77549002494386,0 113.050636192008,-7.77570938308076,0 113.050197500016,-7.775885821972259,0 113.050166985119,-7.77601480903542,0 113.050819305667,-7.77729056570631,0 113.051017651145,-7.777571436571719,0 113.051307589874,-7.77782131140365,0 113.051460164356,-7.77791952906219,0 113.051652963714,-7.778110498300039,0 113.052017119895,-7.77874780376728,0 113.052101048226,-7.778909929948471,0 113.052490147104,-7.77911688373636,0 113.052657978584,-7.779240369646481,0 113.05280959259,-7.77948154983288,0 113.052863989882,-7.779673815893111,0 113.052757163913,-7.780243174881861,0 113.052657978584,-7.78067562827682,0 113.052925019675,-7.78230833935756,0 113.052986050367,-7.782528640883199,0 113.053275989097,-7.783013105669531,0 113.053382789885,-7.78319716181879,0 113.053394044001,-7.78334089776345,0 113.053474333675,-7.78436634792778,0 113.053616502101,-7.784889624755611,0 113.053672680051,-7.78509640587361,0 113.053703221028,-7.78528092067714,0 113.053542981624,-7.786021932365499,0 113.053489590673,-7.78621365433589,0 113.053344635248,-7.7863681128973,0 113.053161521588,-7.78660988663611,0 113.053077618438,-7.78690171214351,0 113.053016565263,-7.78738378293444,0 113.052886864138,-7.78795933195684,0 113.052543537156,-7.78867556012819,0 113.052360448677,-7.7890570183659,0 113.052261263348,-7.7892734986722,0 113.051830199405,-7.79042528829561,0 113.051765337601,-7.790629134925851,0 113.05180915437,-7.79086821699386,0 113.051902677568,-7.79104161707615,0 113.052177334118,-7.79126764908189,0 113.052360448677,-7.79145216388541,0 113.052444352726,-7.79163145632586,0 113.052482505564,-7.79195379672957,0 113.052636794154,-7.792510354768241,0 113.052688492581,-7.7927562968648,0 113.052657978584,-7.793057672272899,0 113.052551176896,-7.79327415257929,0 113.052368064136,-7.79344437895415,0 113.052268880605,-7.793663737090961,0 113.052230747552,-7.793889261879141,0 113.052207849014,-7.79413867535879,0 113.05223836391,-7.79427695781449,0 113.052352832318,-7.79445528438303,0 113.05252830264,-7.79456542165611,0 113.052642721585,-7.794621229985,0 113.052711391119,-7.794743773405651,0 113.05268849438,-7.79491160398655,0 113.052627487969,-7.79509471584769,0 113.052650363125,-7.79523491116136,0 113.05259094132,-7.79561034304206,0 113.052551176896,-7.7957818554474,0 113.052604590331,-7.79586433227233,0 113.052780061552,-7.79598687569298,0 113.052833474986,-7.79607413960908,0 113.05242911911,-7.79670024941619,0 113.052238365709,-7.797087898586821,0 113.052116305224,-7.79741263298583,0 113.052024762334,-7.797557589310471,0 113.051879803311,-7.79769824237921,0 113.051650918656,-7.79791092844575,0 113.051566990325,-7.79798242814578,0 113.051521195048,-7.79822659408125,0 113.051551733327,-7.79864144594522,0 113.051475447435,-7.799317605722101,0 113.051490679253,-7.79958271327081,0 113.051673792013,-7.79990220012565,0 113.051749200166,-7.80005380963478,0 113.051750103985,-7.80024218972453,0 113.05162960922,-7.80035413193683,0 113.051521195048,-7.80045485061005,0 113.051423037644,-7.80053602791457,0 113.051193148446,-7.80100941305322,0 113.050781150131,-7.80182813785744,0 113.050048721572,-7.802668334875001,0 113.049865633093,-7.80292771104425,0 113.049545178568,-7.80341410937289,0 113.049280572841,-7.803701783609579,0 113.049003505209,-7.804003007032321,0 113.048950117855,-7.804077866599489,0 113.049018764006,-7.80427432799704,0 113.049156104871,-7.804472697755971,0 113.049430761422,-7.804715872638601,0 113.049621492339,-7.8047878786569,0 113.049957176883,-7.80475879188391,0 113.050254732871,-7.80463861907621,0 113.050399690095,-7.80457234173943,0 113.050483619325,-7.804531793106979,0 113.050689606341,-7.804486020312809,0 113.050811664128,-7.80453512869239,0 113.050987162329,-7.804777870101851,0 113.051032933324,-7.805479274747949,0 113.051048166041,-7.80566860182366,0 113.051127461964,-7.805806690925231,0 113.05123892214,-7.80591893441049,0 113.05123892214,-7.806070146419271,0 113.051032933324,-7.80617545703088,0 113.050819305667,-7.80622886866653,0 113.050491235683,-7.806616518736529,0 113.050277632308,-7.80697416112779,0 113.050178446079,-7.807187304949399,0 113.050002974858,-7.80745577236517,0 113.049735935566,-7.80786466262326,0 113.049590977443,-7.80806899488735,0 113.049445995038,-7.808351268695231,0 113.049415479242,-7.80894161606196,0 113.049430761422,-7.80956721685277,0 113.049421827556,-7.81012481630641,0 113.049331576092,-7.81053757275001,0 113.049224776203,-7.810783143426509,0 113.049049278003,-7.81100726527231,0 113.048828033088,-7.811190836686911,0 113.048568634436,-7.8112928746656,0 113.048225329936,-7.811290022915469,0 113.047958288845,-7.81127382162876,0 113.047759919985,-7.811329121840731,0 113.047599703964,-7.81143403675064,0 113.047492890585,-7.81172918705155,0 113.047492877995,-7.81186745871545,0 113.047588850946,-7.81203420741199,0 113.047996420999,-7.812396293353479,0 113.048141378223,-7.812560811731251,0 113.048248179911,-7.81278157281053,0 113.048293976987,-7.81310773173565,0 113.04826346209,-7.81330847300681,0 113.048065091432,-7.8138640013218,0 113.04808798907,-7.81430936808207,0 113.04808034843,-7.81461405479402,0 113.047500520434,-7.81538986215158,0 113.047454749438,-7.81552289886194,0 113.047462363998,-7.81568550797904,0 113.047836205877,-7.81602692480194,0 113.048286335447,-7.81661151740676,0 113.048405410183,-7.816858812983041,0 113.048057475073,-7.81772063959507,0 113.04790105599,-7.818172450897041,0 113.047546292329,-7.8191916867461,0 113.047340304413,-7.819792021084069,0 113.047233503624,-7.81996942674685,0 113.047080903962,-7.820008041836821,0 113.046661290187,-7.819903126927,0 113.046424788274,-7.8198330535518,0 113.04618826208,-7.81984400639497,0 113.045974634423,-7.81996321243148,0 113.045738133409,-7.82007622843444,0 113.045410064324,-7.82013916928643,0 113.045249848303,-7.820260284583599,0 113.045204076408,-7.82038140078023,0 113.045242207663,-7.820562603380709,0 113.045471093217,-7.82094024309692,0 113.045547379109,-7.82110285311339,0 113.045341392093,-7.82142327975976,0 113.045257488943,-7.821581609902539,0 113.045280363199,-7.82177088931424,0 113.04534901025,-7.82191681330953,0 113.045349007552,-7.82213948364947,0 113.045257488044,-7.82228110438869,0 113.045066734643,-7.822411772284661,0 113.044830233629,-7.82248663275111,0 113.044456389951,-7.82250807978326,0 113.04418934886,-7.82251429409864,0 113.044097805071,-7.82254717780924,0 113.044052033176,-7.82266592429219,0 113.044006261281,-7.82279274758646,0 113.043838406418,-7.82311034766363,0 113.043502718277,-7.823464146352461,0 113.043258576623,-7.82363913463757,0 113.042900016024,-7.8237536021462,0 113.042655850088,-7.82383228203334,0 113.04227436667,-7.82423806603307,0 113.042023022346,-7.824452257564781,0 113.041534345135,-7.82444405394913,0 113.041268001018,-7.824458262338081,0 113.041168121413,-7.82446359082125,0 113.041053676387,-7.824552307142471,0 113.041007906291,-7.82463335674319,0 113.04091038111,-7.82476594379244,0 113.040641678072,-7.825135473422539,0 113.040374662162,-7.82536815411627,0 113.039977945127,-7.82566715981079,0 113.039935728252,-7.825750267959681,0 113.039779576267,-7.82605766342956,0 113.039726187115,-7.82628369543539,0 113.039276033263,-7.82683728840934,0 113.03913107514,-7.8270780935783,0 113.03904714591,-7.82747053163892,0 113.038978501558,-7.82777809798003,0 113.038742512258,-7.82804338179583,0 113.038642790034,-7.82811854803174,0 113.038539784385,-7.82813549665504,0 113.038261332695,-7.82813572778083,0 113.038032447141,-7.82821964442024,0 113.037918003015,-7.82841371002392,0 113.03785697502,-7.82849430097046,0 113.0374907486,-7.828531996953321,0 113.037315093018,-7.82863540459941,0 113.036872764168,-7.82889580599586,0 113.036380670433,-7.82916665481648,0 113.036086945557,-7.82939458439178,0 113.035941989232,-7.829523342127719,0 113.035666833559,-7.82963374829806,0 113.035446062587,-7.82962680733052,0 113.035167609998,-7.82954953937893,0 113.035034088553,-7.82967494893891,0 113.034927286866,-7.8299267078505,0 113.034805203898,-7.83005261203757,0 113.034461876016,-7.83017754765489,0 113.034194836723,-7.8302052099017,0 113.034027027726,-7.830175638394139,0 113.033821019126,-7.83010126176298,0 113.033637904567,-7.83004260168396,0 113.033332732221,-7.82988524011094,0 113.033233546892,-7.82986570233945,0 113.033088590567,-7.82993579999638,0 113.032989405238,-7.830063081944911,0 113.032943645034,-7.83028911395065,0 113.032936016985,-7.830480350287101,0 113.033298409595,-7.831103787309111,0 113.033378528397,-7.83129810832022,0 113.033401402654,-7.83139061978049,0 113.033232149345,-7.83156957407578,0 113.032943632444,-7.83187462501318,0 113.032798676119,-7.83202100856184,0 113.03198995987,-7.83221555979945,0 113.031791590111,-7.83224701808458,0 113.03134146144,-7.83221077270819,0 113.03116598932,-7.83223224402207,0 113.030830302078,-7.832410085855961,0 113.030654829957,-7.832563166655991,0 113.030593774984,-7.83270955200339,0 113.030631932319,-7.832875981440561,0 113.030792147441,-7.8331334465505,0 113.03090658797,-7.833335636629491,0 113.030914205227,-7.833456752826031,0 113.030868433333,-7.83354877955173,0 113.030372507586,-7.83376098268245,0 113.02980795997,-7.83394264483639,0 113.029510403983,-7.833925501959489,0 113.02909078931,-7.83367990790062,0 113.028983989421,-7.83361411439904,0 113.028701690432,-7.83363174290978,0 113.028404158726,-7.833680851289459,0 113.027648833428,-7.833792466148591,0 113.027389432078,-7.83385918864989,0 113.027343660183,-7.83395408331349,0 113.027275528444,-7.83407473096322,0 113.027450460971,-7.83451485737392,0 113.027503874405,-7.8347175088052,0 113.027488617407,-7.835062263012249,0 113.027397049335,-7.83535839177554,0 113.027076643373,-7.83580994767017,0 113.02682486018,-7.83620618086975,0 113.026634130162,-7.83648659308098,0 113.026336575973,-7.836778879041219,0 113.026252671025,-7.83683371700161,0 113.025848290867,-7.83693623881558,0 113.02501668957,-7.83697582157612,0 113.024818332401,-7.83700633737179,0 113.024681014918,-7.83711886774072,0 113.024619959944,-7.837228040041251,0 113.024627600584,-7.83734821374824,0 113.024757302608,-7.83753226899821,0 113.025031959159,-7.83779691609401,0 113.025123502948,-7.837913752416941,0 113.02519217518,-7.83816884871258,0 113.02519217518,-7.83826184400813,0 113.025092988951,-7.838360085948401,0 113.024909876191,-7.83841441759052,0 113.024307172139,-7.83849740343165,0 113.024207987709,-7.838547938136071,0 113.024200347069,-7.838765845666411,0 113.024177473713,-7.83886836658101,0 113.023872276186,-7.83903003410793,0 113.023620517274,-7.83906625430339,0 113.02339163172,-7.839109681665631,0 113.023284829133,-7.83919643836417,0 113.023185644703,-7.83927942240656,0 113.022834702261,-7.83931661207116,0 113.022674461958,-7.83933757526811,0 113.022537145374,-7.83946872610008,0 113.022437959146,-7.839720943665849,0 113.02248373104,-7.84009527027964,0 113.022498989838,-7.84027886777472,0 113.022613432165,-7.84057400458589,0 113.022720233853,-7.84082866471034,0 113.022727873594,-7.84093737655787,0 113.022560043013,-7.841138117829121,0 113.021934417041,-7.84140373169611,0 113.021598706416,-7.84151196060772,0 113.021270660713,-7.84163404267608,0 113.020484843002,-7.84216285483112,0 113.020150916633,-7.84241240770567,0 113.019683746709,-7.842714539443609,0 113.019531171328,-7.84279849115665,0 113.018951342432,-7.843262427118571,0 113.018661404601,-7.84346507675111,0 113.018188375594,-7.84373784832222,0 113.017944233041,-7.843927152015651,0 113.017715372667,-7.8441917748298,0 113.017051615441,-7.84548210141698,0 113.016982944109,-7.84572053687245,0 113.016815088347,-7.84615159002304,0 113.016387858214,-7.84677910097398,0 113.015861417571,-7.84780860078551,0 113.015685944552,-7.84810327894232,0 113.015525705148,-7.84828733509166,0 113.015266329878,-7.84841275544354,0 113.014953542073,-7.84845710101361,0 113.014610214191,-7.84833932130184,0 113.014388945894,-7.848234429774289,0 113.014152443082,-7.84818769110829,0 113.014037999855,-7.848198184397901,0 113.013899738983,-7.84829803702398,0 113.013732828408,-7.84859441669821,0 113.013702314411,-7.8489320149997,0 113.013770960562,-7.84915661978132,0 113.013961713064,-7.84996344835362,0 113.013912120849,-7.85021590783708,0 113.013603129082,-7.85031342582312,0 113.013236902662,-7.85031151566309,0 113.012969885853,-7.850314391695031,0 113.012519732001,-7.850550895406669,0 113.0121532151,-7.85074167758561,0 113.012031471177,-7.85080504831357,0 113.01171865909,-7.85093046776608,0 113.01144400164,-7.85105349502193,0 113.011245631881,-7.85118508112581,0 113.010284342949,-7.852078690678209,0 113.009429855704,-7.85257028888693,0 113.009254383584,-7.852700955883619,0 113.009170430972,-7.85284494633642,0 113.009132300616,-7.852952714795109,0 113.009040733444,-7.85312248071714,0 113.009056012926,-7.8535587787139,0 113.009033115287,-7.853707557157239,0 113.008834015279,-7.853922372818411,0 113.008666890666,-7.853973146742499,0 113.008483801287,-7.854001292824589,0 113.008350278943,-7.85397984489307,0 113.008182431275,-7.853971958738141,0 113.008027948432,-7.8540545776558,0 113.007797146422,-7.85419489887462,0 113.007690342936,-7.854337946837961,0 113.007591157607,-7.85459541194791,0 113.007442667846,-7.85476541978753,0 113.007209700269,-7.855005016267701,0 113.007018945969,-7.855355527035131,0 113.006973173174,-7.85599302405804,0 113.006835856591,-7.85615563227586,0 113.006362830281,-7.85642695234121,0 113.006248387054,-7.85651566866234,0 113.006149199927,-7.85666347943521,0 113.00611868593,-7.85680986298396,0 113.006088171933,-7.856907138153029,0 113.00609578919,-7.857021096645451,0 113.006103428931,-7.85712719776117,0 113.006149201725,-7.85733054886495,0 113.006191177582,-7.85745167675267,0 113.006217871259,-7.85762525130349,0 113.006053824126,-7.857735643984,0 113.005760101049,-7.85779644444955,0 113.005622761083,-7.857794048655589,0 113.005470186601,-7.857845552829221,0 113.005149732076,-7.85796190531687,0 113.005073469566,-7.8580317610561,0 113.005027697671,-7.85828042540051,0 113.005065828926,-7.85844540243254,0 113.005020057031,-7.858662851308689,0 113.004791170577,-7.859000689729309,0 113.00456228772,-7.859171626568479,0 113.004089271304,-7.859349493583469,0 113.00366201689,-7.85954929056651,0 113.003509430717,-7.85965849973915,0 113.00340262813,-7.85975289797709,0 113.003204256572,-7.859843983112519,0 113.00302495334,-7.859883067648659,0 113.002830415592,-7.859985578670741,0 113.002601530038,-7.860180612844169,0 113.002426057018,-7.860352288926231,0 113.002231507579,-7.86050749662288,0 113.001953054991,-7.86066174114563,0 113.001823329584,-7.8607065696517,0 113.00167837236,-7.860734931571001,0 113.001571571572,-7.860764745895521,0 113.001335069659,-7.860885862991341,0 113.001190087254,-7.86096787936334,0 113.001098544363,-7.86108087198385,0 113.001075646725,-7.86119819214206,0 113.001227329079,-7.86166264701271,0 113.001274015584,-7.86190726171001,0 113.001220603049,-7.862086555049741,0 113.001068027668,-7.86226582410765,0 113.000915430704,-7.86234687190981,0 113.00041952834,-7.862406015824109,0 113.000190643684,-7.86242272432847,0 112.999961747338,-7.86250163534139,0 112.999656584885,-7.86288951473852,0 112.999275103264,-7.86358811439913,0 112.999130169423,-7.8637616763594,0 112.998901261385,-7.86391425084125,0 112.998634241878,-7.86399198913821,0 112.998329071331,-7.86398722542931,0 112.998229911183,-7.86396766337618,0 112.998115444573,-7.86391092604757,0 112.9979628593,-7.86383414372991,0 112.997856056713,-7.863855133007159,0 112.997550872676,-7.864144079784601,0 112.997390657554,-7.864359628393339,0 112.99707022731,-7.8648793852746,0 112.996963401341,-7.86508488755673,0 112.996887115449,-7.86519074675476,0 112.996803199709,-7.8653917524266,0 112.996749774583,-7.865705726437301,0 112.996742158225,-7.865899816322711,0 112.996757416123,-7.86608912001605,0 112.99668874569,-7.86622834676005,0 112.996536170309,-7.86633657387292,0 112.996337802349,-7.866389044817761,0 112.99607075856,-7.86636520289101,0 112.995681683964,-7.86628318741838,0 112.99553672584,-7.86633991215644,0 112.994926356867,-7.86688830794824,0 112.994666958215,-7.86709335157609,0 112.994430457201,-7.86720157958842,0 112.994102386317,-7.8672597315506,0 112.993659897387,-7.8673179086937,0 112.993408114194,-7.86739516405475,0 112.993278413969,-7.86745715971935,0 112.993041912056,-7.86763500155323,0 112.992706225713,-7.86798693774622,0 112.992607040384,-7.86810041330264,0 112.992309485296,-7.868670231844941,0 112.992126369837,-7.86893918399536,0 112.991859355726,-7.86918808935799,0 112.991477871408,-7.86928821807602,0 112.99082175572,-7.869390256054619,0 112.990386883149,-7.86941122015086,0 112.990231670956,-7.8694284637518,0 112.990005424012,-7.869598154130711,0 112.989875701304,-7.869772199026981,0 112.989807054253,-7.870080248304,0 112.989807054253,-7.87028623532069,0 112.989852800967,-7.870765936398039,0 112.98982992761,-7.87100577479589,0 112.989601042055,-7.87137437092968,0 112.989272972071,-7.871716755423151,0 112.988891514733,-7.87199711997037,0 112.988670242838,-7.87215399680874,0 112.988487156158,-7.872330435700241,0 112.988296427039,-7.87257552344083,0 112.988159086174,-7.87283731698776,0 112.988098056381,-7.87303186642672,0 112.988029409331,-7.87321543784141,0 112.987914943621,-7.87353586898436,0 112.987861553569,-7.87368321930431,0 112.987808141034,-7.873823896654699,0 112.987678441708,-7.87413288932064,0 112.987495328947,-7.87445426295306,0 112.987350372623,-7.87477708539339,0 112.987251184595,-7.875000239568619,0 112.987014683582,-7.87556218904295,0 112.986854471158,-7.87589767034045,0 112.986553107441,-7.87642431692785,0 112.986381442151,-7.87669444089496,0 112.986328028717,-7.876839881954161,0 112.986266998924,-7.877085933768009,0 112.986240293556,-7.87733031913818,0 112.986205969131,-7.87747266473091,0 112.986137299598,-7.87759518297055,0 112.986030497011,-7.87774778083459,0 112.985832128151,-7.877935172569341,0 112.985626115954,-7.8780615381087,0 112.985374356143,-7.878274681930231,0 112.985221758279,-7.87843823263752,0 112.985053927698,-7.878647098384081,0 112.984805978314,-7.87893319161275,0 112.984542769235,-7.879128707822811,0 112.984115512122,-7.879330390684161,0 112.983856112571,-7.879477743702119,0 112.983459397334,-7.87967086681625,0 112.982559113014,-7.88004374282365,0 112.980804368428,-7.880776653418969,0 112.97887412744,-7.882002602037601,0 112.97870626898,-7.88209843829155,0 112.978454510968,-7.882253889704451,0 112.97825231999,-7.88241053811505,0 112.97815695588,-7.88268351383228,0 112.978111182186,-7.882962016782851,0 112.978103554137,-7.883358249982431,0 112.97788229843,-7.88351179033602,0 112.977619078559,-7.883619558794799,0 112.977302444353,-7.88380170478402,0 112.97706594244,-7.88398578611438,0 112.976943882855,-7.884091644413041,0 112.976837081167,-7.88420320980951,0 112.976745512197,-7.88428377557504,0 112.976482304916,-7.88458395668345,0 112.976188580939,-7.88494898430732,0 112.976058881613,-7.885084415912271,0 112.975765134255,-7.88556169871266,0 112.975395101004,-7.8859426982961,0 112.975059437144,-7.88622499638571,0 112.974777116572,-7.88637616882428,0 112.974548255299,-7.886465801554759,0 112.974258339052,-7.88650299211864,0 112.973182608691,-7.88791300767841,0 112.972628393387,-7.888519279340439,0 112.972045799975,-7.88915659470031,0 112.970825110591,-7.89047982927991,0 112.969467081242,-7.89173485387962,0 112.968627829412,-7.892825382584561,0 112.967529199614,-7.89418387058833,0 112.967147725188,-7.89462602586961,0 112.966003313603,-7.895952472827571,0 112.964713736151,-7.89697068614745,0 112.96457661472,-7.897079247808179,0 112.964012066205,-7.897506962675349,0 112.963165196218,-7.89794565466741,0 112.96170099021,-7.898242112582611,0 112.961036607055,-7.898298051313231,0 112.9602584084,-7.89832808327362,0 112.958732523288,-7.89817691173433,0 112.957137968643,-7.89806580589141,0 112.956291122039,-7.89812258009221,0 112.955863867624,-7.89833524097774,0 112.955497640305,-7.89882446767422,0 112.955175817011,-7.89945526115061,0 112.95509330871,-7.89961698443542,0 112.954139636136,-7.901900540276911,0 112.953758152718,-7.90287710959014,0 112.953224095716,-7.90386748709406,0 112.953124081212,-7.903968123928931,0 112.952606134666,-7.904489292745829,0 112.950981065125,-7.90533995967055,0 112.949973979117,-7.90576627069597,0 112.948799038246,-7.906308914424049,0 112.948936380011,-7.90685155365547,0 112.949005025263,-7.90727878558672,0 112.949005025263,-7.90749241414281,0 112.948928737572,-7.90764929188046,0 112.948768524249,-7.90790105079204,0 112.948837194682,-7.908086073712491,0 112.948843715666,-7.908337778664749,0 112.948844736396,-7.908377162675119,0 112.948715135096,-7.90856340597563,0 112.94850914808,-7.90880276143748,0 112.948478608902,-7.90895105514626,0 112.948554908283,-7.909086484952561,0 112.948799051736,-7.90886760975158,0 112.948814321325,-7.909156098774121,0 112.948890608116,-7.909086945405399,0 112.949161444346,-7.908872856396389,0 112.949157648308,-7.90896870614008,0 112.948997408904,-7.90917138005436,0 112.948928737572,-7.90929914583818,0 112.948963074587,-7.909425979924169,0 112.949073696595,-7.909379736784631,0 112.949272066354,-7.909148482415731,0 112.949428472847,-7.909108646046409,0 112.94930640157,-7.909457461591749,0 112.949432304858,-7.909334907379279,0 112.949531491087,-7.90923047540528,0 112.94966498825,-7.9092583786704,0 112.94948569491,-7.909628412820209,0 112.949546722904,-7.90990615404499,0 112.949745095361,-7.910076402902839,0 112.950081333887,-7.91025663513474,0 112.950340181255,-7.9103953798421,0 112.950446982044,-7.910428288733719,0 112.950675867598,-7.91055228276085,0 112.950851340618,-7.91069818427297,0 112.950981064226,-7.910804041672441,0 112.951133641406,-7.91100718773072,0 112.951272870847,-7.91110670490966,0 112.951370152312,-7.91101217986738,0 112.951385421901,-7.91111255140229,0 112.951465517321,-7.91116787409733,0 112.951515122126,-7.91107487880178,0 112.951583792559,-7.91097905513847,0 112.951759264679,-7.91088320629414,0 112.95175162314,-7.910985729007389,0 112.951743981601,-7.91115883141411,0 112.951737447127,-7.91138961543756,0 112.952048104437,-7.91204699826955,0 112.952613751025,-7.91317060583796,0 112.952903642091,-7.915053142287891,0 112.95291892427,-7.916304369949899,0 112.952621368283,-7.91732049774194,0 112.952049153946,-7.91845585675159,0 112.951026813638,-7.92034460571815,0 112.950530935555,-7.92169071635267,0 112.950385978331,-7.92291619192791,0 112.950393595589,-7.923851753954421,0 112.950530934656,-7.92449643296327,0 112.95074453893,-7.925878786276149,0 112.951110765351,-7.927747515434679,0 112.951370142419,-7.92923521982876,0 112.951591408917,-7.93048550590059,0 112.951805012293,-7.93174911183123,0 112.95220939335,-7.932932636731,0 112.952460431005,-7.934101189717379,0 112.952522182054,-7.934604423354631,0 112.952628982842,-7.93593433090378,0 112.952667140177,-7.93744923799111,0 112.95274345215,-7.93982008292962,0 112.9530181087,-7.94159724311751,0 112.953071496953,-7.942281988721999,0 112.953063642274,-7.942809595785461,0 112.952888410273,-7.94334961888903,0 112.952468792902,-7.94389177698309,0 112.951492223588,-7.94456842329327,0 112.95046988328,-7.945245044422439,0 112.949745095361,-7.94569614076344,0 112.948814322224,-7.9461486400469,0 112.94785298293,-7.94694352382375,0 112.946891694897,-7.94769885002107,0 112.945472636654,-7.949035915274431,0 112.944946195112,-7.94951273942055,0 112.944373982574,-7.94968678611547,0 112.943687351991,-7.949768803386761,0 112.941573998242,-7.94972636797673,0 112.939712449271,-7.94980074640654,0 112.938522252301,-7.94996429711383,0 112.937621993162,-7.95039010182088,0 112.937236488874,-7.950721296949539,0 112.937057421264,-7.95088032226823,0 112.93629447691,-7.95175337871465,0 112.935890121033,-7.9526379204029,0 112.935653594838,-7.95352149531996,0 112.935500996974,-7.95461536140904,0 112.935317906697,-7.95619560244423,0 112.935050867405,-7.956606657370501,0 112.93456260658,-7.95693852429262,0 112.933578396627,-7.95719316193408,0 112.932136462329,-7.95748972596928,0 112.931014934892,-7.957916522628629,0 112.930297764231,-7.95851255281126,0 112.929603492108,-7.95913532613359,0 112.92894735214,-7.95999885606151,0 112.928642178894,-7.960825704441941,0 112.928558276644,-7.96168256140031,0 112.92849722257,-7.962367790840071,0 112.928390420882,-7.963171740682511,0 112.928131020431,-7.96398998165153,0 112.927795334088,-7.964864998620009,0 112.927757201934,-7.9662177813248,0 112.92781909058,-7.967259135100191,0 112.928169175968,-7.96860052069666,0 112.928527736567,-7.96902062100409,0 112.929962077889,-7.97100282481975,0 112.931014933993,-7.97278956008935,0 112.931495579358,-7.97360397983895,0 112.932319551707,-7.97444321008531,0 112.933036723267,-7.97516465972046,0 112.933502108936,-7.9757945655659,0 112.934036190219,-7.976767314559159,0 112.934638894271,-7.97798945544819,0 112.934813896945,-7.97891061393288,0 112.935050868304,-7.9790198968499,0 112.935188207371,-7.979075679997869,0 112.935264519343,-7.979151023400231,0 112.935363678592,-7.9792831158223,0 112.935478123618,-7.97946668993501,0 112.935539175893,-7.97980668133253,0 112.935645977581,-7.97988156428198,0 112.935928252288,-7.97998979409296,0 112.936080824971,-7.97995928009594,0 112.936202908838,-7.980023160739469,0 112.936386021599,-7.98020388040395,0 112.936675936946,-7.980557677294131,0 112.936958235036,-7.9806330458775,0 112.937278665279,-7.98070981740335,0 112.937492292936,-7.980809459588079,0 112.937919523968,-7.98109985877065,0 112.938209462698,-7.9811213309839,0 112.938468837968,-7.981198076429271,0 112.939636161581,-7.9811232168622,0 112.940032878616,-7.98124290583462,0 112.940273200848,-7.98141315379319,0 112.940421978393,-7.98164153302951,0 112.940551655236,-7.98184754342857,0 112.940788179632,-7.982118380558,0 112.941070478621,-7.982306257027319,0 112.941352752429,-7.98253226475141,0 112.941543506729,-7.982720625056,0 112.941894450969,-7.98302676327371,0 112.942199622416,-7.983356237099891,0 112.941253567099,-7.984650866943129,0 112.940154937302,-7.98612379907326,0 112.939262319701,-7.987738398707339,0 112.938491737405,-7.98929095411345,0 112.937919523069,-7.99041487644456,0 112.937760853881,-7.990998361084721,0 112.93773643369,-7.9910881592903,0 112.937583836726,-7.992536307004139,0 112.937553322729,-7.99416710792493,0 112.937538063932,-7.995492226584179,0 112.937471211928,-7.99630310930026,0 112.937438880401,-7.996695291054,0 112.936515722723,-7.99903134032331,0 112.936469949929,-7.99941374284914,0 112.936363148242,-8.000000729449351,0 112.936286837169,-8.000284913417181,0 112.935966406925,-8.00057294198688,0 112.935310291238,-8.00092959242593,0 112.934982220354,-8.00101734197596,0 112.934425265714,-8.001063113870851,0 112.933952237607,-8.00093820073662,0 112.933349511072,-8.00060536794258,0 112.932937536139,-8.00025824402195,0 112.932784962557,-8.000130428775471,0 112.932736270564,-7.999997866007869,0 112.931617662326,-7.999086641434559,0 112.930961520559,-7.99849868716387,0 112.930381692562,-7.997991807675,0 112.92923728997,-7.99728370487824,0 112.928474348314,-7.99698189329896,0 112.927864005421,-7.99682165479472,0 112.9275130351,-7.996823082018829,0 112.927040032173,-7.99711060337089,0 112.926635676296,-7.99809099390338,0 112.926353352127,-7.99907041676548,0 112.92596427843,-7.99999978785908,0 112.92587270856,-8.00028875981762,0 112.92587270856,-8.000512857381681,0 112.925849835203,-8.001779342941481,0 112.92596427843,-8.0024678836851,0 112.926200779443,-8.00304677099084,0 112.926551723684,-8.00351406771926,0 112.927101037684,-8.004073875907871,0 112.927558832175,-8.00454308279623,0 112.928001320206,-8.004937913952711,0 112.928291235553,-8.005388986911431,0 112.928589571253,-8.00574788295765,0 112.929046536569,-8.00649714232846,0 112.929162586885,-8.006671776280649,0 112.929443276987,-8.00709416266465,0 112.929634031287,-8.00760438043695,0 112.929893406557,-8.00805068878749,0 112.93014518885,-8.008415004148301,0 112.931068348327,-8.009360091794051,0 112.931526094255,-8.009773976886731,0 112.932044894257,-8.01025370134645,0 112.932693393586,-8.010965116346251,0 112.933228572042,-8.011479221887759,0 112.933715736593,-8.01206947662423,0 112.934089577573,-8.012417569114699,0 112.934410008716,-8.013053686577591,0 112.93455732756,-8.01336733683233,0 112.93464650973,-8.013557205300041,0 112.934760976339,-8.013977787644009,0 112.934860161668,-8.01447939530706,0 112.934921167179,-8.015026824327659,0 112.934974580613,-8.015486504697609,0 112.934944065717,-8.016099702938151,0 112.934928808719,-8.01691223680954,0 112.93493644756,-8.01759316299324,0 112.934867778027,-8.01808906355865,0 112.934730437161,-8.0187566420046,0 112.934448164252,-8.019129541394451,0 112.933967518887,-8.019540572938279,0 112.932945177679,-8.020242461419659,0 112.932602460436,-8.020454585410031,0 112.931999120564,-8.020828020795671,0 112.931228538268,-8.021438364588059,0 112.930442722355,-8.022080191846509,0 112.929710318078,-8.022608544448,0 112.928939734882,-8.023150217807499,0 112.928398037241,-8.023607988017419,0 112.927963188951,-8.02402475004142,0 112.927726661857,-8.02429558627149,0 112.927345180237,-8.02485348609871,0 112.926849277873,-8.025734667020449,0 112.926010049425,-8.02702214005895,0 112.925338674941,-8.02809025496045,0 112.924827492196,-8.029109744418371,0 112.924583373025,-8.029718178050739,0 112.92406454964,-8.030412449274269,0 112.92360677943,-8.03084255903603,0 112.923278709446,-8.031198266985619,0 112.922698879651,-8.03175809855658,0 112.922274527349,-8.03197312196118,0 112.921638406288,-8.03207947308837,0 112.920822050298,-8.03225494430948,0 112.920280352657,-8.03241230588241,0 112.919670032247,-8.03246093132608,0 112.918922347589,-8.032533422978309,0 112.918243331566,-8.032671706333391,0 112.917571934598,-8.032985486989871,0 112.916992105702,-8.033413661410499,0 112.916313090578,-8.033976348328981,0 112.915565405021,-8.034791734849859,0 112.914939805129,-8.03532768042729,0 112.914642248242,-8.03557661007166,0 112.914077676345,-8.036060130569791,0 112.913566516982,-8.03686691057872,0 112.913093488874,-8.037678503759111,0 112.912712028838,-8.038273613935271,0 112.912200846993,-8.03874279834065,0 112.911384516184,-8.039374131410201,0 112.909889145968,-8.040630121881829,0 112.909408502402,-8.04113554986494,0 112.908981221907,-8.04162671370112,0 112.90861504405,-8.04214645709256,0 112.908447190087,-8.042440216142261,0 112.908340386601,-8.042794013931729,0 112.908294591323,-8.043313756423879,0 112.908363260857,-8.044422880410851,0 112.908340386601,-8.0456731404023,0 112.908439549447,-8.046480910564791,0 112.908737105434,-8.04734398183844,0 112.908950707011,-8.04817274307683,0 112.90905753298,-8.048786906289919,0 112.909133844053,-8.049508839760341,0 112.909164358949,-8.050025729602909,0 112.909110947313,-8.05039575206145,0 112.908927833654,-8.05085255370161,0 112.908348003858,-8.05154970455439,0 112.907363818187,-8.052442347335679,0 112.906333857922,-8.053443676783489,0 112.905784543023,-8.05415226431472,0 112.905494604294,-8.054581406405999,0 112.904922392655,-8.05502870670866,0 112.903678804734,-8.05576302114574,0 112.902770904954,-8.05652787206283,0 112.902198716698,-8.05701901161728,0 112.901779078643,-8.057396674715941,0 112.901489187577,-8.05781437833004,0 112.901107704158,-8.05846573300637,0 112.900604161154,-8.05936507303886,0 112.900306606066,-8.05993249758594,0 112.900085386333,-8.060553311285499,0 112.899978560363,-8.061137953353059,0 112.899955660926,-8.06161954210735,0 112.90000143462,-8.062273771016891,0 112.900070104153,-8.06286409500116,0 112.899978560363,-8.063798687558551,0 112.899940403928,-8.064249785698189,0 112.899993817362,-8.06498504172546,0 112.900230319275,-8.06593682842114,0 112.900405792295,-8.06688573728613,0 112.900535515003,-8.06751133897632,0 112.900611802694,-8.06820181506089,0 112.900703345584,-8.069041044407889,0 112.900764399658,-8.06991937178076,0 112.900802532712,-8.070823452139781,0 112.900816003657,-8.07122782870055,0 112.900825406069,-8.07151010700502,0 112.900978003933,-8.072041287074899,0 112.901298433277,-8.072622082742109,0 112.901595990164,-8.07312277309671,0 112.902076633731,-8.073666355716959,0 112.902908246719,-8.07421566971658,0 112.903304961955,-8.074575198885499,0 112.903694061733,-8.07507779760148,0 112.904647735206,-8.077252182941081,0 112.904846104965,-8.07809426583694,0 112.904998703728,-8.078875318940019,0 112.905136043694,-8.079787039039889,0 112.905303875175,-8.08027150292676,0 112.905380161966,-8.08057858543258,0 112.905822675177,-8.081559917555349,0 112.906074434089,-8.08174397460397,0 112.906654262985,-8.081865089901139,0 112.907356176647,-8.08184504581137,0 112.90877523489,-8.08183457590421,0 112.909660261313,-8.08194328685236,0 112.910468974864,-8.08191277195607,0 112.911109859633,-8.08189466140869,0 112.911636275095,-8.08188034779902,0 112.912155051715,-8.081985238427199,0 112.91276541889,-8.08241822512019,0 112.913383404222,-8.08297515457892,0 112.91384117623,-8.083525438047751,0 112.914283689442,-8.0841024133949,0 112.914733817213,-8.084590699400479,0 112.915092378711,-8.085033211712521,0 112.915435706594,-8.085381279021981,0 112.915878194624,-8.08568932739972,0 112.916358887654,-8.085921064704539,0 112.917182859103,-8.086113705782109,0 112.917961036174,-8.086314929089911,0 112.918685846576,-8.08642460770872,0 112.919761576936,-8.08645224477451,0 112.921020420957,-8.0864599087969,0 112.921646022647,-8.086367399135369,0 112.922431862841,-8.086362635426481,0 112.922759933725,-8.0864055285915,0 112.923156649861,-8.086958664709829,0 112.923118520405,-8.087778815838879,0 112.922935405845,-8.088803069005611,0 112.922752293085,-8.08983493673216,0 112.922706520291,-8.09061028543554,0 112.922714160931,-8.09157827071982,0 112.922622592859,-8.09249378775729,0 112.922347936309,-8.09334065774441,0 112.922050381221,-8.09413887890531,0 112.921554477958,-8.095413947594791,0 112.921462934168,-8.09608534456223,0 112.921379005837,-8.096644186878921,0 112.921302695664,-8.097683671863139,0 112.921379005837,-8.099141855111689,0 112.921523963062,-8.10089756736798,0 112.921600249853,-8.10241866358967,0 112.921691819723,-8.103521138888629,0 112.921760489256,-8.104723716825241,0 112.921874908202,-8.10581758291433,0 112.921951194993,-8.10657670514998,0 112.921996991169,-8.107037328009479,0 112.922019866325,-8.10741690126817,0 112.922175896901,-8.107788861765769,0 112.923553366895,-8.10843254072835,0 112.924308692193,-8.10874726477366,0 112.924735948406,-8.10908007328597,0 112.925147923339,-8.10947681280383,0 112.925408137676,-8.109798368998741,0 112.925445478427,-8.110202545010599,0 112.92549886668,-8.11074997313192,0 112.925331010919,-8.111455681933361,0 112.924941935423,-8.11235690874352,0 112.92465933696,-8.11288836940194,0 112.924438393318,-8.11345650441333,0 112.924064551439,-8.114064939844249,0 112.923478811299,-8.11491966271149,0 112.923149034402,-8.11549258301549,0 112.922805682237,-8.11615539685326,0 112.922515791172,-8.1167094736625,0 112.922332702693,-8.11710430481898,0 112.922130759928,-8.11747769703728,0 112.921905933013,-8.11786320132488,0 112.921455294427,-8.118630164749471,0 112.920944134166,-8.119599120402251,0 112.920593189925,-8.120405924692919,0 112.92017355097,-8.121239447841459,0 112.919700522862,-8.122045283562191,0 112.919395375697,-8.12261844038793,0 112.918899449051,-8.124017478822809,0 112.918693462035,-8.12467550556932,0 112.918563762709,-8.1249773648127,0 112.918594277605,-8.125331670719181,0 112.918723976931,-8.125591046888429,0 112.918884216335,-8.12581707889426,0 112.919151208862,-8.12604211894787,0 112.919441147592,-8.126333001066349,0 112.919502165693,-8.126988173364721,0 112.919433532133,-8.127150323827649,0 112.919383915636,-8.12737870036595,0 112.91934958042,-8.127505064106661,0 112.919326705264,-8.127625236914371,0 112.919280909088,-8.127809293063621,0 112.919265674572,-8.127932319420189,0 112.919258035731,-8.12805725593679,0 112.919235160575,-8.12820985290163,0 112.919212262037,-8.12831856474916,0 112.919197005039,-8.128412987268741,0 112.919166490142,-8.128614210576529,0 112.919135975246,-8.12877728014656,0 112.919105436068,-8.128924146631309,0 112.919052022634,-8.12906146411447,0 112.918968121283,-8.129224555268211,0 112.918899449051,-8.12936665984272,0 112.918846035617,-8.12951350384439,0 112.918773570045,-8.12965798802492,0 112.918662948038,-8.1297833975849,0 112.918594277605,-8.12984921356956,0 112.918510373556,-8.129915007970419,0 112.918434063382,-8.12997797310415,0 112.91836539295,-8.130050909021371,0 112.918319620155,-8.130152476654599,0 112.91826620762,-8.13030696039711,0 112.918228051185,-8.130441424331501,0 112.918174662931,-8.13058831599718,0 112.918105991599,-8.130762843829361,0 112.918037347247,-8.13093352975778,0 112.917953394635,-8.131139541056109,0 112.917884747584,-8.131361726661581,0 112.917831335049,-8.13154484032137,0 112.917770305256,-8.131723192070829,0 112.917701635723,-8.13190245843089,0 112.917648222289,-8.13205029168684,0 112.917610091034,-8.132189545410331,0 112.917587217677,-8.132282031689581,0 112.917526163603,-8.13249087405379,0 112.917465132911,-8.13263012328078,0 112.917373564839,-8.132944846426721,0 112.917335433584,-8.13334250595106,0 112.917327792045,-8.133504630333601,0 112.917312535047,-8.13366201708763,0 112.917262955422,-8.13381983641554,0 112.917182859103,-8.13401296042904,0 112.917106524647,-8.134217037285611,0 112.917015005139,-8.134395363854139,0 112.916915818911,-8.134604711637341,0 112.916805172622,-8.134791147392701,0 112.916587748927,-8.13498380106074,0 112.916332169695,-8.135122071825361,0 112.916114721718,-8.13520122475588,0 112.915962148136,-8.13523079716281,0 112.915824806371,-8.13524320061245,0 112.915687488888,-8.135262277930931,0 112.915550148022,-8.135336654562099,0 112.915405191697,-8.135494960423321,0 112.915176306143,-8.1357982217098,0 112.915054223175,-8.135972751340629,0 112.914962701868,-8.136077667149831,0 112.914794847006,-8.136255050329529,0 112.914672764038,-8.13637328869547,0 112.914443877584,-8.136612668439151,0 112.914337075896,-8.1367624127544,0 112.91420737657,-8.137024640673779,0 112.914077677244,-8.13721633836253,0 112.913860240958,-8.137470986795799,0 112.913711475106,-8.13764453616561,0 112.913642804673,-8.13775803690304,0 112.913535991294,-8.138026962973161,0 112.913467332552,-8.138231064111469,0 112.913406280277,-8.13844181483714,0 112.913352865943,-8.13872411202729,0 112.913322375328,-8.138921515914401,0 112.913284218893,-8.1390721811355,0 112.913215549359,-8.139215227300101,0 112.913116388312,-8.139323964328719,0 112.913001921702,-8.13942887833927,0 112.91284934812,-8.139573835563271,0 112.912727264253,-8.139711153046431,0 112.912490763239,-8.139960543143721,0 112.912208489431,-8.140232806597989,0 112.912063531308,-8.140452163835519,0 112.912002477234,-8.14067149858997,0 112.911910933444,-8.141101606553081,0 112.911878631595,-8.14121890332893,0 112.911781208937,-8.14142871066568,0 112.911514217308,-8.141775858868041,0 112.911155607247,-8.14225173962533,0 112.910987776666,-8.14255500181109,0 112.91094962023,-8.142666590589929,0 112.910911488975,-8.142782943976851,0 112.910873333439,-8.14286590373769,0 112.910842819442,-8.142960327156549,0 112.910751249572,-8.14308429600268,0 112.910457521099,-8.143403795448069,0 112.91040030623,-8.143606916325339,0 112.910423203869,-8.14385391062866,0 112.910438460867,-8.14437750042045,0 112.910446079024,-8.144714130152179,0 112.910407945971,-8.144902949110961,0 112.910262987848,-8.1452434234444,0 112.910194318314,-8.14539217670673,0 112.910148547319,-8.14556385278879,0 112.910110390883,-8.1459129111511,0 112.910118032422,-8.14603209290596,0 112.910148547319,-8.14633061566456,0 112.910125647881,-8.14642407141295,0 112.910011230735,-8.146628171651971,0 112.909881506228,-8.146857976313759,0 112.909858631971,-8.14704967130448,0 112.909896763226,-8.14722896284556,0 112.909896763226,-8.147366279429439,0 112.909881517919,-8.14748313014157,0 112.909683158952,-8.148093968560969,0 112.909568716624,-8.14821029676698,0 112.909233030281,-8.14849544930474,0 112.909004122243,-8.14877583633495,0 112.908805748887,-8.148814937058861,0 112.908553990875,-8.148818757378921,0 112.908355621116,-8.14873576973913,0 112.908203046634,-8.14859366786265,0 112.908012318415,-8.148451586670591,0 112.907836845395,-8.14840105196617,0 112.907615589689,-8.148416769417601,0 112.907493518412,-8.14849687742813,0 112.907401949441,-8.148664249354759,0 112.907188345167,-8.1490199806868,0 112.907043387943,-8.14936425195785,0 112.906982333869,-8.14955307091671,0 112.906951818972,-8.14979627098036,0 112.906989976307,-8.150001314608209,0 112.907005208125,-8.15022446878335,0 112.906974719309,-8.150519146940249,0 112.906913688617,-8.15082434356786,0 112.906845018184,-8.15108180867772,0 112.906707677319,-8.151447067427361,0 112.906463558148,-8.151865738712029,0 112.906257546849,-8.152072670016921,0 112.906028662194,-8.15219951669355,0 112.90570823285,-8.15239503380298,0 112.905486987935,-8.152618187978209,0 112.905342031611,-8.15281941038663,0 112.905109326635,-8.153135088612681,0 112.904853722223,-8.15334391838633,0 112.904640117948,-8.153446924035499,0 112.904281533067,-8.15361860011747,0 112.904037389615,-8.1538131252747,0 112.903755092425,-8.15406011957802,0 112.903686446274,-8.154121174551721,0 112.903549106307,-8.154294737411449,0 112.903457561618,-8.154503577976911,0 112.903373633288,-8.154860276979329,0 112.903335502033,-8.155079610834591,0 112.903343118391,-8.15552403330666,0 112.90344230462,-8.155983714575971,0 112.903480434975,-8.15633083759732,0 112.903472818617,-8.156465302430901,0 112.903419405182,-8.15666940087136,0 112.903221059705,-8.157129057858951,0 112.903160029913,-8.15742564797452,0 112.903137132274,-8.157747044090019,0 112.903209599644,-8.158046038093451,0 112.903404148184,-8.158489000066499,0 112.903556722666,-8.158900996582959,0 112.903781812182,-8.15969254387503,0 112.903945846724,-8.160191298888581,0 112.904014517157,-8.16044403716174,0 112.903961104622,-8.16071486080134,0 112.903823762857,-8.16131570235696,0 112.903755092425,-8.16176107001651,0 112.903625392199,-8.16269278744133,0 112.903625392199,-8.162885450102619,0 112.903617775841,-8.163031349816171,0 112.903694062632,-8.16363694338942,0 112.903694062632,-8.16374279089626,0 112.903686446274,-8.16414238396308,0 112.903556722666,-8.16460395111069,0 112.903312604394,-8.16544699987829,0 112.903312604394,-8.165795092368761,0 112.90335073385,-8.16607929881976,0 112.903480434975,-8.166376831424801,0 112.903762733065,-8.166966235402599,0 112.903785630703,-8.16707971185839,0 112.903846661395,-8.16753651529711,0 112.903846661395,-8.167649044766771,0 112.903846661395,-8.168568407305401,0 112.903839044138,-8.16880967292728,0 112.903938231265,-8.16894225098328,0 112.904266276069,-8.16924357692872,0 112.904289174607,-8.16933417912824,0 112.904327304962,-8.16982340762338,0 112.904312072245,-8.170058022758701,0 112.904373075958,-8.170367957914101,0 112.904434130931,-8.170739896827991,0 112.904388359037,-8.17107463438602,0 112.90425865971,-8.171566739812381,0 112.904121317945,-8.172123697150059,0 112.903999234978,-8.172649144941291,0 112.903953463083,-8.172966721636101,0 112.90398400316,-8.17314983439652,0 112.904106060947,-8.17334820505482,0 112.904212886916,-8.17357612293894,0 112.904189989278,-8.17372110444458,0 112.904098420307,-8.173861298859061,0 112.903938231265,-8.1739862119933,0 112.903457561618,-8.17432380759686,0 112.903419406082,-8.174438275105491,0 112.903449920079,-8.17460992690582,0 112.903533872691,-8.174733894852571,0 112.903694062632,-8.174832114309851,0 112.904052648412,-8.17504574196666,0 112.904121317945,-8.17518305765117,0 112.90425865971,-8.17555310439144,0 112.904449389729,-8.17580964859563,0 112.904518059262,-8.17602610731822,0 112.904451779227,-8.176234098024389,0 112.904334947401,-8.17657256597033,0 112.904342561961,-8.176721341715741,0 112.904441748189,-8.176933061011169,0 112.904632478207,-8.17720391972432,0 112.904678250102,-8.177328833757921,0 112.904655375846,-8.177424198766969,0 112.904548549877,-8.17755677682297,0 112.904334947401,-8.17771604765665,0 112.90417473138,-8.177891519777029,0 112.904182348638,-8.17799832056525,0 112.904281533067,-8.178105123152109,0 112.904594346053,-8.178302550421581,0 112.905044475623,-8.17864491243196,0 112.905090248417,-8.178791778916629,0 112.905151277311,-8.17910838884033,0 112.905334390071,-8.17928482773182,0 112.90560140688,-8.1795823594375,0 112.90565140469,-8.17971591685524,0 112.905647203057,-8.17991616439868,0 112.905532218438,-8.18008365503586,0 112.905395419864,-8.180195581060399,0 112.905197050105,-8.18039680436819,0 112.905082606878,-8.18051982982548,0 112.904815590068,-8.18075347908897,0 112.904823230709,-8.180871741736651,0 112.904891902041,-8.180957579327989,0 112.905059732622,-8.18104054088748,0 112.905631922676,-8.181320905434619,0 112.905723489848,-8.18143536934603,0 112.905738525614,-8.18155826799889,0 112.90570059221,-8.18170048139133,0 112.90554040137,-8.181961791102969,0 112.905380161966,-8.18225934709038,0 112.905387804405,-8.18242814534185,0 112.905387804405,-8.182594090943731,0 112.905425935659,-8.182837266725731,0 112.905616688161,-8.183204409555019,0 112.905685358593,-8.183389434274121,0 112.905731107106,-8.18352201143084,0 112.905883729252,-8.18366505759553,0 112.906043920092,-8.18379570031049,0 112.90616600306,-8.183989284776899,0 112.906227032852,-8.18430591808279,0 112.906288062645,-8.184546263698291,0 112.906669546064,-8.18531109303175,0 112.906806860849,-8.185595300381941,0 112.906814503288,-8.18576122170218,0 112.906410147411,-8.18595195172036,0 112.906272805647,-8.18584515003286,0 112.906196517956,-8.18576025493107,0 112.906089716268,-8.18574120099478,0 112.905975249659,-8.185820341334839,0 112.90588370497,-8.185993915885749,0 112.906097332627,-8.1861837133069,0 112.90625373912,-8.186298144842709,0 112.906127848423,-8.186424037338689,0 112.905960016043,-8.186496502910449,0 112.905845549434,-8.186607124918099,0 112.90606681863,-8.186982876957449,0 112.906104948985,-8.18707253666742,0 112.905929476865,-8.18720796557435,0 112.905841742603,-8.18731191461244,0 112.906097332627,-8.187549385095179,0 112.906326218181,-8.187683848130289,0 112.906448276868,-8.187829747843841,0 112.906448276868,-8.188204533111911,0 112.906455894125,-8.188643226003251,0 112.906478792663,-8.188757668330959,0 112.906677163321,-8.188867323567321,0 112.90679160385,-8.188919793612779,0 112.906806860849,-8.18908097640514,0 112.90686789244,-8.189278377594221,0 112.907043387943,-8.18957211416094,0 112.907078626079,-8.189716661294041,0 112.906837400027,-8.190297842770409,0 112.906761088954,-8.1904466445962,0 112.906623748988,-8.1908032968339,0 112.906539845838,-8.191226754310451,0 112.906524564558,-8.191571027380149,0 112.906612312309,-8.191906214599291,0 112.906982333869,-8.192447419412071,0 112.907485901154,-8.19293954912008,0 112.907752891884,-8.193207532700651,0 112.907836845395,-8.193352490824021,0 112.90795126524,-8.19361281038211,0 112.908111502845,-8.19386079573836,0 112.908637919206,-8.19424034471532,0 112.908828649224,-8.194373866160239,0 112.90895070791,-8.19451023935529,0 112.908996504086,-8.19463707344137,0 112.909034661422,-8.19526268682273,0 112.909080408135,-8.19555069201008,0 112.909233030281,-8.1958787619945,0 112.909339831969,-8.196079985302291,0 112.909385603864,-8.196390889027461,0 112.909355065585,-8.19664073777901,0 112.909065176318,-8.19714427988383,0 112.908939957414,-8.19737837431167,0 112.909156719208,-8.19768024794425,0 112.90934598513,-8.197836857684001,0 112.909359946206,-8.19796931433161,0 112.909231255019,-8.1989761584222,0 112.909426943,-8.199857568671071,0 112.910630967946,-8.201378071340089,0 112.911451247678,-8.2027334566829,0 112.91154032103,-8.20331758883488,0 112.911698347202,-8.204353877628501,0 112.911444182604,-8.20626284065677,0 112.911736080057,-8.207239179743601,0 112.911976652302,-8.207438872405289,0 112.912075850221,-8.20821529130184,0 112.91176731531,-8.20876523572624,0 112.911866706584,-8.209527868015829,0 112.911370568598,-8.21088949915025,0 112.911542107983,-8.21172332806834,0 112.912746986385,-8.213410735915931,0 112.912880742553,-8.214021101291941,0 112.913138522426,-8.215197393843839,0 112.913208386259,-8.216880026291349,0 112.913085874315,-8.21720197459066,0 112.912971305183,-8.217854448023539,0 112.912416737344,-8.219421733425451,0 112.912565451036,-8.219954938768611,0 112.912655679117,-8.220202835091991,0 112.914991832708,-8.222318799572159,0 112.915296775727,-8.223117296825009,0 112.91542817657,-8.223461371144531,0 112.915527655978,-8.2244292727919,0 112.914343256037,-8.226828952693181,0 112.914277628911,-8.22811699680117,0 112.914637043866,-8.22904585977775,0 112.914738147449,-8.2293071470064,0 112.916374995411,-8.23120708983453,0 112.916465058916,-8.2314720274113,0 112.916671758196,-8.232080058147369,0 112.916596845569,-8.23254145442376,0 112.916360462366,-8.23316260087252,0 112.916458962412,-8.233734456379199,0 112.916824654635,-8.234107318896861,0 112.916972173128,-8.23425773140838,0 112.917180617992,-8.234470261892261,0 112.917643337171,-8.23611348514839,0 112.918221725353,-8.23692151341633,0 112.919206007252,-8.23751297684159,0 112.919784630158,-8.238368692560311,0 112.92005368573,-8.23955974568489,0 112.920752690985,-8.24055796707577,0 112.920985314122,-8.24140303302276,0 112.92087870399,-8.241868936701239,0 112.920547382057,-8.24265746766719,0 112.920550720341,-8.243349009448449,0 112.920872742384,-8.24415901172819,0 112.920932537408,-8.245140396910999,0 112.920562675928,-8.24498344632824,0 112.920379537986,-8.245025398802269,0 112.920234605044,-8.24515033441959,0 112.920196450407,-8.24531628002147,0 112.920173551869,-8.245503189719591,0 112.920219348046,-8.245979071376251,0 112.920448209318,-8.24645495033489,0 112.920471641154,-8.24662185731202,0 112.920509263393,-8.246889848087189,0 112.920616064181,-8.24715877415731,0 112.920684736412,-8.247427699328069,0 112.920661861257,-8.24765564059455,0 112.920661861257,-8.247862571899351,0 112.920562675928,-8.248029486071079,0 112.920432976602,-8.24813343241115,0 112.919891278061,-8.248260280886431,0 112.919647136407,-8.24838567695658,0 112.919685291044,-8.248655086861991,0 112.919776833935,-8.249068971954671,0 112.919898895319,-8.24929594555068,0 112.920783919943,-8.24949337371943,0 112.920699993411,-8.249999769373099,0 112.920677093974,-8.25011991879845,0 112.920577910443,-8.250283953340929,0 112.920356664629,-8.250503310578461,0 112.920089648719,-8.25069689504487,0 112.919502178284,-8.250964878625441,0 112.919479280645,-8.251110778338999,0 112.91952505344,-8.251415974966431,0 112.919593722074,-8.251789816845751,0 112.919609004253,-8.252547028921461,0 112.919647136407,-8.2529380388586,0 112.919609004253,-8.25321555075624,0 112.919578465075,-8.253457783149409,0 112.91944876485,-8.25370192570252,0 112.919151208862,-8.254133001336101,0 112.918712541152,-8.254588849694899,0 112.918472196436,-8.25522686742519,0 112.918373021898,-8.25553728641588,0 112.918334878053,-8.25587916369161,0 112.918289106158,-8.25749946862477,0 112.918174676421,-8.2577340612771,0 112.917953396433,-8.257960093282829,0 112.917236249155,-8.258632894092029,0 112.917129423185,-8.258784065631319,0 112.917114189569,-8.25906157662968,0 112.917060777034,-8.25940679039028,0 112.916946334707,-8.25961471184864,0 112.916580109186,-8.26014780207864,0 112.916145236614,-8.260612270439131,0 112.91600027939,-8.260773427151189,0 112.915893477703,-8.2608802540197,0 112.91564933425,-8.26107192472878,0 112.915481479388,-8.26122834381224,0 112.915412833237,-8.26139141158362,0 112.915237360217,-8.261725188665681,0 112.91493216359,-8.26206755067615,0 112.914710919574,-8.262176285906129,0 112.914398106588,-8.262209677733649,0 112.914015117705,-8.26211640544696,0 112.913795379155,-8.261950253900309,0 112.913505464707,-8.261789096288959,0 112.913217094394,-8.26170076487762,0 112.91303246088,-8.2617251913637,0 112.912925634911,-8.26185871100988,0 112.91275780433,-8.26206087770651,0 112.912582307029,-8.26214768296842,0 112.912254237044,-8.262321244928691,0 112.911949065598,-8.26259019528046,0 112.911498935129,-8.26298403268617,0 112.911262434115,-8.263367403781841,0 112.911178504885,-8.263606782626139,0 112.91112509325,-8.263998761133131,0 112.9111152097,-8.26415350028298,0 112.910493682838,-8.26475966312716,0 112.910052086935,-8.266353000989429,0 112.909355397435,-8.26680386080878,0 112.909181539597,-8.267225186892039,0 112.909108680123,-8.267401750789331,0 112.908879570637,-8.26856849793702,0 112.908268931867,-8.26924561908924,0 112.908174599279,-8.27038976627388,0 112.907828523069,-8.2710875817257,0 112.908331290857,-8.2718310710463,0 112.908436153607,-8.272874816119071,0 112.908888768903,-8.273568815747501,0 112.908841484348,-8.27411602713215,0 112.907848142679,-8.275165017950449,0 112.907298798102,-8.27511791505899,0 112.90609860157,-8.27467610781531,0 112.904896734098,-8.27388622426901,0 112.904591013166,-8.272594805005481,0 112.904439826338,-8.272297168978371,0 112.904285771572,-8.27140283367309,0 112.903585724902,-8.27115753728971,0 112.903283592265,-8.27061198965073,0 112.902832896122,-8.270315779948451,0 112.902730913002,-8.26986872875799,0 112.902625354178,-8.2686758050436,0 112.901639168414,-8.268356578092771,0 112.89997508898,-8.26625632207087,0 112.89987640907,-8.26623893188043,0 112.899878898393,-8.266758846143009,0 112.899409024208,-8.26723139131489,0 112.899541879255,-8.26808587855967,0 112.900143793702,-8.26829679655909,0 112.900535406185,-8.269406589641591,0 112.900026907916,-8.270777195110711,0 112.900287303018,-8.27137453830349,0 112.901233820585,-8.27184035204982,0 112.901495856949,-8.272779734396391,0 112.901026390157,-8.27333779340367,0 112.901419857941,-8.2748323758127,0 112.902110086712,-8.27555593885463,0 112.902235787653,-8.275998488038949,0 112.902357566649,-8.27642723083124,0 112.902546689579,-8.27709306998838,0 112.903108573403,-8.27790275300883,0 112.903330985638,-8.27952641241318,0 112.903852416157,-8.280849355612441,0 112.904885218279,-8.28140025511685,0 112.906517897884,-8.28173450434311,0 112.907169346989,-8.28331335412717,0 112.905898286578,-8.28805188468586,0 112.906019999924,-8.288059999268739,0 112.906249998839,-8.28807999929171,0 112.906449999969,-8.288089999752881,0 112.907049998859,-8.28811999933774,0 112.90718999992,-8.28811999933774,0 112.907559999895,-8.28811999933774,0 112.907968743564,-8.28813767641185,0 112.909366704611,-8.28792545079815,0 112.910230874856,-8.28913591488978,0 112.910289456694,-8.28920447290726,0 112.912027424427,-8.292837691705341,0 112.912951943678,-8.29316158883544,0 112.913675518412,-8.292829783966519,0 112.914986678693,-8.291313160972759,0 112.915512794681,-8.29104796888784,0 112.91617329906,-8.291307459271071,0 112.916713728657,-8.29276324312835,0 112.916747964048,-8.2930743779793,0 112.916763221047,-8.29320122375665,0 112.916816633582,-8.29348158830387,0 112.916862407275,-8.29363703881749,0 112.916938719248,-8.293875452689161,0 112.916992106601,-8.29418637979677,0 112.916946334707,-8.29459882597425,0 112.916934380019,-8.295021811306791,0 112.916931053426,-8.295131444060059,0 112.916915818911,-8.29526972741523,0 112.916816633582,-8.295559667044159,0 112.916587748927,-8.29594397883073,0 112.916328349375,-8.296472329633479,0 112.916007920031,-8.297245742096541,0 112.915870580064,-8.297379261742719,0 112.915336546446,-8.29807926614445,0 112.914783386945,-8.298981432746141,0 112.914749051728,-8.29926847206157,0 112.914779566625,-8.299632787422381,0 112.914848237058,-8.300332790025459,0 112.914848237058,-8.3005788427386,0 112.914885766666,-8.30161332299561,0 112.914947422387,-8.30187107858662,0 112.915031350717,-8.30196547592519,0 112.915458605132,-8.3020494033565,0 112.915756135938,-8.30215240990495,0 112.915977380852,-8.302266828850289,0 112.91609946472,-8.30240893342471,0 112.91609946472,-8.30258157357995,0 112.915985046674,-8.302792327003459,0 112.915809549372,-8.303060309684749,0 112.915801909631,-8.30319477182049,0 112.915901094061,-8.303509495865709,0 112.916068948924,-8.303890955002791,0 112.916160517895,-8.304167524410881,0 112.916397020707,-8.304528961941269,0 112.916702192153,-8.304977181351029,0 112.917114189569,-8.30549121764474,0 112.917701635723,-8.30619595877571,0 112.918113634038,-8.306662313014581,0 112.91854086507,-8.307156327701509,0 112.918991018022,-8.30740332470285,0 112.919387735057,-8.30757308882615,0 112.919868381322,-8.30769514931089,0 112.920406478977,-8.307705178550369,0 112.921096708647,-8.307718046949519,0 112.921775722872,-8.3076856218931,0 112.922698882349,-8.30769132809146,0 112.923157886428,-8.30777020762814,0 112.924756375607,-8.30748561626744,0 112.926933844722,-8.307869076395979,0 112.928584873194,-8.308452070006251,0 112.930034274563,-8.308248044410901,0 112.931481746886,-8.307650030323851,0 112.933392299016,-8.30737809062563,0 112.936061146006,-8.30801271791182,0 112.937883596052,-8.309063548742969,0 112.938347978078,-8.309652276430629,0 112.941320759047,-8.31088542412224,0 112.942187165007,-8.312785486560109,0 112.942249033867,-8.313501879307459,0 112.9423216829,-8.31377769598309,0 112.942428484588,-8.314381339826181,0 112.942459024665,-8.31450915507266,0 112.94260398099,-8.3152177417046,0 112.942642138325,-8.31536173215741,0 112.942703166319,-8.31571267459945,0 112.942687909321,-8.31622289057319,0 112.942656460029,-8.31674954165717,0 112.942649752885,-8.31686186428286,0 112.94242086823,-8.31747508680505,0 112.942184367216,-8.31773925096484,0 112.941963122301,-8.317895645766569,0 112.941596895881,-8.3182618712875,0 112.941207821285,-8.31876350413156,0 112.94097129509,-8.31921554386148,0 112.940765725359,-8.319751094636491,0 112.940635607848,-8.320227391779911,0 112.940376184015,-8.320689901417079,0 112.939819251858,-8.32146336244341,0 112.939186011326,-8.322147140377419,0 112.938806847259,-8.32247151594694,0 112.938598539992,-8.32264971930825,0 112.938481415886,-8.322734573041361,0 112.937889009971,-8.323163755602049,0 112.937232894284,-8.32363772799795,0 112.936742402241,-8.32403356279783,0 112.936447054089,-8.324271913717009,0 112.935798552962,-8.324715369417969,0 112.93518820917,-8.32530953710466,0 112.934753336598,-8.32611155430398,0 112.934387136258,-8.327204477903511,0 112.934051424735,-8.32817722689669,0 112.933959880045,-8.32894873009899,0 112.933964400038,-8.329041216378251,0 112.9339980122,-8.32972883891396,0 112.934066682632,-8.33028864710257,0 112.934310848568,-8.330788370685969,0 112.934699924063,-8.331777344348129,0 112.935058508944,-8.33250592740584,0 112.935415538897,-8.333193895281219,0 112.935462866619,-8.33328509463063,0 112.935752781067,-8.333774345608759,0 112.936180012998,-8.33429217973953,0 112.936958237733,-8.335219156837811,0 112.937408367303,-8.335998298881581,0 112.937789848923,-8.33669639312329,0 112.938156051062,-8.337135085115261,0 112.938651953426,-8.337413536804529,0 112.939567492947,-8.33779884144259,0 112.940414339551,-8.338075409052021,0 112.941368011226,-8.338440641721469,0 112.942130978063,-8.33883738303798,0 112.942802328266,-8.33933425307251,0 112.943847568012,-8.34011054066805,0 112.944366368014,-8.34047770957782,0 112.944801239687,-8.340945973976719,0 112.945159824567,-8.34124541494314,0 112.945594697139,-8.34162307894117,0 112.94620504273,-8.342060802363299,0 112.94704429456,-8.342556729908379,0 112.947959835879,-8.343043079673549,0 112.949005027961,-8.343988193399589,0 112.949422530127,-8.344408819810351,0 112.949638293673,-8.34462619764005,0 112.950355465234,-8.345203147806179,0 112.951057353715,-8.345650450806859,0 112.95164482415,-8.34583735870633,0 112.952583237927,-8.346082444648269,0 112.953300384306,-8.346289398436159,0 112.953941856333,-8.34667862411842,0 112.9540862254,-8.346766221683,0 112.954826270317,-8.347263090818171,0 112.955497643003,-8.34796021559065,0 112.955879127321,-8.348679296411589,0 112.95624532856,-8.34981799190601,0 112.956397926424,-8.3506381673168,0 112.95662681108,-8.3511178450117,0 112.956893827889,-8.35141636597174,0 112.956893828,-12.1035694935736,0 110.897928825847,-12.0828007307753,0 110.8410657497,-8.4099468797,0 110.841111348833,-8.408612026504819,0 110.899997960333,-8.211665928703489,0 110.899954160312,-8.21146281830017,0 110.899990000139,-8.211459999378731,0 110.900400000161,-8.2116700000697,0 110.900700001405,-8.21175999882411,0 110.900890001174,-8.21177999884708,0 110.901019999974,-8.21154999993179,0 110.901103368926,-8.211390842412619,0 110.901379830416,-8.211284984113959,0 110.90158355204,-8.21139780676261,0 110.901872702964,-8.211881425286681,0 110.90197894887,-8.21193433869793,0 110.902100000316,-8.2118700002995,0 110.902209999993,-8.211710000115639,0 110.902514130024,-8.211046789676811,0 110.902794321901,-8.21081557128074,0 110.903098119184,-8.210776371631431,0 110.903236344083,-8.210766676040439,0 110.903674363382,-8.21070195992672,0 110.903983436987,-8.21072174501167,0 110.904662635573,-8.210586577807581,0 110.904868965232,-8.21051468510379,0 110.905040000097,-8.21048999961298,0 110.905229289401,-8.210435917083061,0 110.905477665063,-8.210451442079631,0 110.905930431445,-8.210496656394771,0 110.906315269335,-8.210586965415301,0 110.90663218233,-8.210722367342569,0 110.906926492665,-8.21069988069411,0 110.907130220584,-8.210790147446501,0 110.907430383706,-8.210753992002349,0 110.907741464598,-8.210812841838379,0 110.908103671049,-8.21088058956669,0 110.908307384579,-8.21103851771263,0 110.908692023719,-8.210942628398721,0 110.908554067717,-8.21077247396968,0 110.908515912181,-8.21058174485087,0 110.908084861728,-8.209785422158729,0 110.908027652255,-8.209392513752739,0 110.908042884972,-8.20898244987931,0 110.908096298406,-8.208763091742499,0 110.908134453044,-8.20864006538593,0 110.908309925164,-8.207968666619831,0 110.908363338598,-8.207711202409261,0 110.908462523927,-8.207376457656631,0 110.908721900097,-8.206902487059279,0 110.908935551136,-8.206422785982021,0 110.908950809034,-8.206194843816171,0 110.908920269856,-8.20608231074922,0 110.908752439275,-8.205832461997749,0 110.90852355372,-8.205500571693181,0 110.908264153269,-8.205137223103559,0 110.908218381374,-8.205028510356669,0 110.908111555405,-8.204784368702841,0 110.908042884972,-8.204385718125581,0 110.908119196045,-8.204076724560361,0 110.90824125563,-8.203666660687009,0 110.908134453044,-8.203330005774349,0 110.908004742026,-8.20301912812948,0 110.907745354166,-8.202458352270311,0 110.907493570073,-8.202128372125861,0 110.9072647097,-8.201836546618541,0 110.907218914422,-8.2017059039035,0 110.90708159604,-8.20150182794621,0 110.907058722683,-8.20138450688872,0 110.907066339041,-8.20106789876367,0 110.907066339041,-8.20064637393023,0 110.907020541965,-8.20023725344563,0 110.90690612392,-8.19980332336389,0 110.906631467369,-8.199417101417289,0 110.905960070402,-8.198889693104,0 110.905548070288,-8.198656044739881,0 110.905349723912,-8.19840999202674,0 110.905258180122,-8.19816396269588,0 110.905174250892,-8.197824456033009,0 110.905105582258,-8.19728561104127,0 110.905044551566,-8.196712455114911,0 110.904983522673,-8.196009624144059,0 110.904975882032,-8.195576638350349,0 110.904846182706,-8.19493195844232,0 110.904716481581,-8.1942767843453,0 110.904518110923,-8.19332787458093,0 110.904281609909,-8.1924495238256,0 110.904022211257,-8.191279370945409,0 110.903930665669,-8.190729112657589,0 110.903762809907,-8.19021316530457,0 110.903404225026,-8.18959329499376,0 110.902954094557,-8.18908975288903,0 110.902557474649,-8.188792933446321,0 110.902374265661,-8.188655822807119,0 110.901779178867,-8.18825813990043,0 110.901214582688,-8.187964405132361,0 110.900268551653,-8.18758961896493,0 110.899650566322,-8.18728539000797,0 110.899475094201,-8.187145195593491,0 110.899368268232,-8.18685240331498,0 110.899345393976,-8.186594937305671,0 110.899414064409,-8.186255430642801,0 110.899566637991,-8.185985536902191,0 110.899894708875,-8.18566987036742,0 110.90040589162,-8.18520160686789,0 110.900779735298,-8.184873535984091,0 110.90101621203,-8.184616070874149,0 110.901176451433,-8.184300404339369,0 110.901219135056,-8.18410384941237,0 110.901176451433,-8.18377299692545,0 110.901123037999,-8.18363282679271,0 110.901130678639,-8.1835269666954,0 110.901214582688,-8.18343348756456,0 110.901275635863,-8.18317602335399,0 110.901199349072,-8.182812649583269,0 110.900955208317,-8.18251988158649,0 110.900474562052,-8.18216893914445,0 110.900192240581,-8.18196960081567,0 110.899917583131,-8.181723572384181,0 110.899612409886,-8.181372628143491,0 110.899368268232,-8.181068398287159,0 110.899085994424,-8.180669747709899,0 110.898933395661,-8.180201483311,0 110.898803720616,-8.179791419437651,0 110.898719768004,-8.179264978794929,0 110.898735050183,-8.178621265658091,0 110.898796055694,-8.1780118661539,0 110.898841850972,-8.17735669295625,0 110.898971551197,-8.176724415598491,0 110.899192796112,-8.17602153696355,0 110.899566637991,-8.17503829288211,0 110.899803164186,-8.174523314098851,0 110.900108335632,-8.17401977109475,0 110.900413508877,-8.173493354733759,0 110.90075683586,-8.17286105489292,0 110.901077266104,-8.17218204066781,0 110.901298818587,-8.17174862679688,0 110.90138243755,-8.17158504371398,0 110.901641838001,-8.17103478542624,0 110.901817310122,-8.170718176401911,0 110.901908879093,-8.170367207879581,0 110.901878364196,-8.169957119724501,0 110.901833026674,-8.169713546442249,0 110.901710508434,-8.169442140941239,0 110.901451107983,-8.169102631580349,0 110.901039109668,-8.168716411432481,0 110.900512694206,-8.16810701012964,0 110.900085437994,-8.16753288473406,0 110.899841297239,-8.167041747877541,0 110.899772625008,-8.1667251388533,0 110.899734494652,-8.166538204873451,0 110.899749751651,-8.16638563129106,0 110.899818398701,-8.16615101615565,0 110.899986252664,-8.165859190648341,0 110.900222754577,-8.165343245093879,0 110.900466897131,-8.164805366873431,0 110.900749220401,-8.16423126755814,0 110.901069624565,-8.163669548310221,0 110.901336666555,-8.163259485336161,0 110.901641838001,-8.16289707833673,0 110.902015679881,-8.16251083300776,0 110.902221666897,-8.1622648036769,0 110.902442912711,-8.161820380305549,0 110.902525382342,-8.161631144960561,0 110.902664180109,-8.161304459032729,0 110.902809138232,-8.16091818762348,0 110.902870167126,-8.160531964777499,0 110.902877808665,-8.16007516133878,0 110.902803581321,-8.159553335117529,0 110.902786240594,-8.15943142571895,0 110.902679438007,-8.15879912587811,0 110.902664247558,-8.15865005785308,0 110.902633666112,-8.15822502656291,0 110.902541300342,-8.157430716553501,0 110.90246581035,-8.157016719045579,0 110.902389522659,-8.156340556570591,0 110.902305596127,-8.1558723173528,0 110.902267440591,-8.155204738906759,0 110.902267440591,-8.154759373045771,0 110.902305596127,-8.15444370741036,0 110.902442912711,-8.154010744999111,0 110.902633666112,-8.153401342796981,0 110.902954094557,-8.15276906813715,0 110.90326688506,-8.152125331617951,0 110.903572057406,-8.151399577827471,0 110.903892510132,-8.15074440373045,0 110.904090879891,-8.150263760163631,0 110.904230978078,-8.1500551534218,0 110.904350281242,-8.149877513036021,0 110.90463255415,-8.149420709597299,0 110.904960624135,-8.148741695372181,0 110.905471782598,-8.147664996441639,0 110.905799878663,-8.14690396494524,0 110.906143181364,-8.1460961929841,0 110.906494125604,-8.145311318661671,0 110.906867968383,-8.144492110921361,0 110.90725706816,-8.14366146470404,0 110.907493570073,-8.142993888056751,0 110.907566064423,-8.14279635916386,0 110.907798766701,-8.14216229755122,0 110.908035268614,-8.141507127051421,0 110.908256536911,-8.141003584047411,0 110.908470140286,-8.140441863900129,0 110.908706665581,-8.139739006848901,0 110.908943168394,-8.13893123578713,0 110.909095741976,-8.138263683421391,0 110.909210208585,-8.137760140417379,0 110.909301753274,-8.13745209114027,0 110.909309371431,-8.13734719871344,0 110.909469583855,-8.13701054380069,0 110.909549546176,-8.13684486080084,0 110.909667955413,-8.13659951495489,0 110.909729008588,-8.13648601511674,0 110.909851068173,-8.13628002810005,0 110.909912097067,-8.135920498931039,0 110.909896840068,-8.135745027710101,0 110.909885391699,-8.135614842749961,0 110.909889199428,-8.13510890844857,0 110.909988383858,-8.13488957279475,0 110.910202036696,-8.13441751235753,0 110.910194369975,-8.13417622335319,0 110.910140982621,-8.1340255356491,0 110.909820528995,-8.13361735765414,0 110.909687045322,-8.13352820696038,0 110.909835811175,-8.133151026797631,0 110.910072312189,-8.13197514433663,0 110.910087569187,-8.13157173005048,0 110.909965509602,-8.13072297508443,0 110.909835811175,-8.13039872362142,0 110.909690853052,-8.13019749941426,0 110.909523021571,-8.12991902344335,0 110.909378040066,-8.129731170356401,0 110.908950809034,-8.128789878749069,0 110.908782954171,-8.128515220400301,0 110.908645612406,-8.128370264075579,0 110.908546427077,-8.12818427258528,0 110.908454884187,-8.127805667896441,0 110.908500678565,-8.1269654951607,0 110.908409112292,-8.12632272541269,0 110.908378595597,-8.125966026410181,0 110.90834044006,-8.12564941738585,0 110.908325207343,-8.125452012599551,0 110.908370954957,-8.125240296901421,0 110.908470140286,-8.12499997466829,0 110.908981323031,-8.123874626911711,0 110.909729008588,-8.123146043854,0 110.910185134837,-8.122954757155521,0 110.911384569643,-8.122451747449359,0 110.913490285449,-8.12205311935519,0 110.914398207712,-8.12156768869712,0 110.915496813228,-8.12142940444267,0 110.916892998114,-8.12111755912723,0 110.917427055116,-8.12056157035941,0 110.917861927687,-8.11998935782179,0 110.918579097448,-8.11941714438489,0 110.91963957171,-8.118930793720351,0 110.921060029298,-8.118015425970301,0 110.921204202313,-8.11798441105096,0 110.921182337096,-8.117880289343081,0 110.922149667674,-8.11599919630503,0 110.922196175214,-8.115879993865819,0 110.922286984258,-8.115652049002041,0 110.923141472402,-8.11468026678015,0 110.923507696124,-8.11395165944071,0 110.924057011023,-8.1125220818278,0 110.92426299804,-8.111420599380409,0 110.924453728058,-8.11016269784947,0 110.924720743968,-8.10906692070099,0 110.925041174212,-8.10799501066044,0 110.925323496583,-8.107110952807471,0 110.925567613955,-8.10648341667552,0 110.925964355272,-8.1058101329305,0 110.926719657188,-8.104806868141649,0 110.927251807626,-8.104275423671091,0 110.927429186309,-8.10409827971106,0 110.928390498624,-8.10342976057421,0 110.929038997952,-8.103033986928169,0 110.930633530114,-8.10193250358142,0 110.931610100327,-8.10148808110926,0 110.932037332258,-8.100883444414681,0 110.932243343557,-8.100187284614661,0 110.932456970314,-8.099616016365241,0 110.933296177178,-8.09828182804311,0 110.933807359023,-8.097556096735699,0 110.93428800259,-8.096631972286909,0 110.934722901242,-8.09560868769004,0 110.934844959029,-8.09486385478224,0 110.935150155656,-8.09393593609378,0 110.935569746048,-8.09336277836867,0 110.936027516258,-8.09281346436914,0 110.936851511989,-8.09209629370824,0 110.937309257917,-8.091571764124829,0 110.937750274656,-8.09088745469144,0 110.938339217282,-8.090271911019141,0 110.938804628132,-8.08986658567359,0 110.939117417736,-8.08968731841424,0 110.939888000032,-8.089502318876059,0 110.940458081177,-8.089331668920559,0 110.940719589638,-8.08925338833242,0 110.941474914936,-8.088756544378169,0 110.94204578029,-8.08833444667658,0 110.942299243416,-8.088189646833969,0 110.942800577686,-8.087518105075681,0 110.942863459182,-8.087254499394851,0 110.943023674304,-8.086789089444091,0 110.943092319556,-8.08656499188012,0 110.943092319556,-8.08632657890773,0 110.943019866575,-8.086070504149619,0 110.942863459182,-8.085938423418741,0 110.94269560342,-8.08585925699829,0 110.942390431075,-8.0857906117465,0 110.942226397431,-8.0857491197253,0 110.942352300719,-8.08548541601834,0 110.942451485149,-8.08514590665745,0 110.94252777194,-8.084822625562939,0 110.942558287736,-8.084516510727591,0 110.942512491559,-8.084279985432239,0 110.942428586611,-8.08414934181782,0 110.94207764327,-8.083982429444751,0 110.942001331297,-8.083917579332001,0 110.941986074299,-8.083777408299969,0 110.942031846194,-8.08358856595874,0 110.942184444058,-8.08309742640429,0 110.942352300719,-8.08293909895945,0 110.94269560342,-8.082802724865029,0 110.942947388412,-8.082753156931901,0 110.943016031865,-8.082673991410831,0 110.943038931303,-8.082536675726219,0 110.943168632427,-8.082087464364159,0 110.943267815958,-8.081942531421889,0 110.943725587067,-8.08126063936627,0 110.943916316186,-8.080992655785611,0 110.944084147666,-8.08041761398086,0 110.944183332995,-8.07966707487479,0 110.944343548117,-8.078978509849531,0 110.944557174875,-8.07797618844952,0 110.944793677687,-8.07711788088467,0 110.945259089436,-8.076200454586539,0 110.945816018895,-8.07524392756442,0 110.946250916648,-8.074444741430881,0 110.946838361902,-8.07371898674103,0 110.947364804343,-8.073150618805199,0 110.947868321267,-8.07252213928451,0 110.94911954803,-8.072195036970561,0 110.949241631897,-8.07204338069662,0 110.949409487659,-8.07185361834901,0 110.94966124657,-8.07170293064492,0 110.949882490586,-8.07157608486766,0 110.949958801658,-8.0714559363416,0 110.950045814664,-8.071190721773601,0 110.950187662931,-8.07106299106341,0 110.950645433141,-8.070742586000749,0 110.950752259111,-8.070629086162601,0 110.95109556361,-8.070536574702331,0 110.951232903577,-8.07050035180894,0 110.951492304028,-8.07043453582436,0 110.951591465075,-8.070361101682661,0 110.951690675585,-8.06978222786667,0 110.95182799127,-8.06963537307319,0 110.952018720389,-8.06946178593191,0 110.952163677613,-8.0691928589625,0 110.952453616342,-8.0683631570333,0 110.952590932027,-8.06783577300174,0 110.952583316568,-8.067218754441139,0 110.952537520391,-8.06686587665806,0 110.952430718704,-8.06634231294656,0 110.952011103131,-8.06576630257196,0 110.951889020163,-8.06552786801595,0 110.951858506166,-8.065172160066281,0 110.951866145907,-8.06508155876613,0 110.951873788346,-8.06494803911986,0 110.951873788346,-8.064505549290899,0 110.951889020163,-8.06405254278979,0 110.9519271757,-8.063842734553759,0 110.952041618027,-8.06372352941653,0 110.952194193408,-8.063637716106919,0 110.952327723846,-8.06341882831547,0 110.952453616342,-8.0630006516579,0 110.952499389137,-8.06288430006963,0 110.952728274691,-8.06268592941133,0 110.953117349287,-8.06247326942499,0 110.953224176156,-8.06242176615082,0 110.953689562724,-8.06238172473601,0 110.953918448279,-8.06239028358395,0 110.954879760594,-8.06242461969968,0 110.95580575833,-8.06248187863496,0 110.955801389424,-8.06247110925349,0 110.955590000179,-8.06194999889258,0 110.955834852298,-8.06247279728098,0 110.956008904388,-8.06250093077252,0 110.956329334632,-8.06263537042517,0 110.956596375723,-8.06279464215822,0 110.957000731599,-8.062995888848381,0 110.957305903945,-8.063182799445871,0 110.957649232727,-8.063395482814469,0 110.957710263419,-8.06331535142148,0 110.957939122893,-8.06321904392289,0 110.95833586421,-8.063273399846739,0 110.958808891418,-8.06328386975399,0 110.959091165226,-8.063410716430621,0 110.959909328853,-8.063791207897131,0 110.961387272905,-8.064559483432591,0 110.961686855065,-8.06471544116385,0 110.96241641029,-8.065074168137491,0 110.962524211125,-8.06519278242015,0 110.96268463309,-8.065354306055591,0 110.962937043111,-8.06565000584229,0 110.963007590429,-8.065791176021129,0 110.963236859994,-8.06639184400759,0 110.963447697055,-8.06643729574383,0 110.963955241142,-8.06663099082674,0 110.964210493021,-8.0667256813443,0 110.964426682846,-8.06685093172432,0 110.964763981673,-8.067033741413219,0 110.965191341308,-8.067312062700751,0 110.965658596668,-8.06748248332911,0 110.966040494674,-8.067664948577709,0 110.966410762648,-8.06783466413763,0 110.967120548975,-8.067789199810919,0 110.967248911909,-8.067870151385611,0 110.967329126039,-8.06799750797782,0 110.967376061657,-8.06807420036324,0 110.96747687386,-8.06822616780258,0 110.967561809431,-8.06833453610918,0 110.967698555845,-8.06852196471603,0 110.967794675385,-8.06863519565692,0 110.967903121933,-8.06874558294148,0 110.967982595022,-8.0688228832686,0 110.968185420022,-8.06895635704943,0 110.96836750126,-8.069067036613699,0 110.968543206305,-8.069177996766321,0 110.96864316685,-8.06937597172292,0 110.968673706028,-8.06951996307501,0 110.968719400581,-8.069718100808959,0 110.969198632212,-8.06996288008208,0 110.970527636842,-8.07009597075168,0 110.970649720709,-8.070117926800121,0 110.970888526685,-8.07018396941381,0 110.971023562588,-8.07025429999517,0 110.971305837296,-8.070553741860961,0 110.97155761959,-8.070771189837741,0 110.971870432575,-8.070938077929179,0 110.972114550847,-8.07097526579512,0 110.972251892612,-8.0709933763424,0 110.972648607848,-8.071091618282759,0 110.972908945393,-8.07122782870055,0 110.973182666648,-8.071371040340431,0 110.973541250629,-8.071640934980319,0 110.973831165977,-8.07201857289796,0 110.97406766699,-8.07205387488561,0 110.974227906394,-8.072091087932559,0 110.974662778066,-8.072218852817009,0 110.974784837651,-8.072323768626211,0 110.974845891726,-8.072473489559099,0 110.974853508084,-8.072607976875849,0 110.974891639339,-8.072929349608989,0 110.974983208309,-8.073166818293171,0 110.975128166433,-8.07332418076556,0 110.975341768909,-8.07337662473064,0 110.976295464865,-8.073528256722851,0 110.97641752535,-8.073534930591769,0 110.976890551659,-8.07346246501992,0 110.97705076768,-8.07343003906422,0 110.977821349976,-8.073244047573921,0 110.977951050202,-8.073202096898459,0 110.978202809113,-8.07295033798696,0 110.97842407831,-8.073115339300641,0 110.978713967577,-8.07327838279028,0 110.978919978875,-8.07332132631733,0 110.97911832705,-8.07336233540261,0 110.979347235088,-8.07339188442708,0 110.979530323567,-8.073368040701689,0 110.97976682458,-8.07324025243487,0 110.97985839535,-8.07317634571096,0 110.979965196138,-8.07318971683117,0 110.980499277421,-8.072977031663831,0 110.980629557709,-8.07289982486625,0 110.981704708007,-8.07298181965445,0 110.982215869168,-8.073093385050839,0 110.982612584404,-8.07331271890601,0 110.983184796942,-8.07365413662828,0 110.983985895034,-8.074242573834891,0 110.984642011621,-8.07479568477229,0 110.985153195265,-8.075025537098,0 110.98554227166,-8.075376481338781,0 110.986160256092,-8.076035475755861,0 110.986984252722,-8.07687946791229,0 110.987869253065,-8.07782264629728,0 110.988313162024,-8.07830477464484,0 110.988555909729,-8.07856842079517,0 110.989311211644,-8.079426728360019,0 110.990478510076,-8.080440487337761,0 110.9917068401,-8.08140944029261,0 110.992409713339,-8.081949672938251,0 110.993225084571,-8.08227536511521,0 110.993797297109,-8.082448927075481,0 110.994239785139,-8.08241744540798,0 110.994743352425,-8.082179975824429,0 110.995277410325,-8.081860512351961,0 110.995857239221,-8.081434201326539,0 110.996314985149,-8.08113478284311,0 110.997016897013,-8.080762851123909,0 110.997809659289,-8.08045129269223,0 110.998741129401,-8.08038424463642,0 110.999443067345,-8.08048913706325,0 110.999603258185,-8.08052726741866,0 110.999748237892,-8.080549200084739,0 110.999908429631,-8.080515830740209,0 110.999999997703,-8.080327011781341,0 111.000587442957,-8.079021427296279,0 111.001075728063,-8.078337651160931,0 111.001533499173,-8.077866531414511,0 111.002204897039,-8.077589964704361,0 111.004066445111,-8.07726474736943,0 111.005287156978,-8.07723232231301,0 111.0061721843,-8.07724854698208,0 111.007186884868,-8.07723232231301,0 111.008560172115,-8.07724854698208,0 111.009490945252,-8.077297173325039,0 111.010344297552,-8.07740949235342,0 111.010727728003,-8.077606293694689,0 111.011238075278,-8.077687239873431,0 111.011756874381,-8.07747549809492,0 111.012283315024,-8.07726474557078,0 111.012527457577,-8.07710165441695,0 111.012611385008,-8.07697197757391,0 111.012741060952,-8.07672783592008,0 111.012802115027,-8.076580969435421,0 111.012939433409,-8.07649991893533,0 111.013069156118,-8.07649991893533,0 111.013244628238,-8.07684133575823,0 111.013458230714,-8.07719895386785,0 111.013526902046,-8.077654814817009,0 111.013626088274,-8.077784489861489,0 111.013900743925,-8.077850307644811,0 111.014144887378,-8.077816914917911,0 111.014389029032,-8.077816914917911,0 111.014717099915,-8.077850306745439,0 111.015014631621,-8.077882730902481,0 111.015190102842,-8.077816914917911,0 111.015289288171,-8.077606165091609,0 111.01522064202,-8.077280972038411,0 111.015129073949,-8.076857537044861,0 111.015029890418,-8.07643506882258,0 111.0150451699,-8.07607645876076,0 111.015060404415,-8.075946783716279,0 111.015205385022,-8.07583234138867,0 111.01548765793,-8.07578369076389,0 111.015777574177,-8.07586570893455,0 111.016006459731,-8.076353026370279,0 111.016036974628,-8.07674406058916,0 111.01618954821,-8.076889962101269,0 111.016952514148,-8.07695481131465,0 111.017280683058,-8.07690716793066,0 111.017578115838,-8.07679268693211,0 111.017936700719,-8.07659719410441,0 111.018180844172,-8.07638545142661,0 111.018524172054,-8.076353026370279,0 111.018951403086,-8.076401676994969,0 111.019271856712,-8.076662019935419,0 111.019699088643,-8.07757279664645,0 111.019943230297,-8.07783313868762,0 111.020027158628,-8.07789798969964,0 111.020256043283,-8.07793138242654,0 111.020385719227,-8.07788176503057,0 111.020568857168,-8.077816914917911,0 111.020774843285,-8.077784489861489,0 111.021003703659,-8.07776829037352,0 111.021202075217,-8.07776829037352,0 111.021385187078,-8.07767101430507,0 111.021430958973,-8.07755659535982,0 111.021400444976,-8.07723137892417,0 111.021362289439,-8.07698723727035,0 111.021461473869,-8.076922387157691,0 111.021759029856,-8.076922387157691,0 111.022506691132,-8.07731245280663,0 111.023132317104,-8.077637646759189,0 111.023391714857,-8.077980006970931,0 111.023490877703,-8.07822318275284,0 111.023292532226,-8.07861421697171,0 111.023231503332,-8.07884211057419,0 111.023490877703,-8.079215951554049,0 111.023666350723,-8.07939432668605,0 111.023948672195,-8.07942769513121,0 111.024208049263,-8.079411468663491,0 111.024566658426,-8.079151104139321,0 111.024795542182,-8.078971835980701,0 111.024993888558,-8.079020483907451,0 111.025192259216,-8.07926460307819,0 111.025352474338,-8.080078103720689,0 111.025512688561,-8.08041952234224,0 111.025711034038,-8.080615016069309,0 111.026084877716,-8.08064744112564,0 111.026840179632,-8.08063123983902,0 111.02722930369,-8.08063123983902,0 111.027915934274,-8.080696089951759,0 111.028846731692,-8.080825765895529,0 111.029815661265,-8.080825765895529,0 111.0309524457,-8.08092304106469,0 111.031555753197,-8.081010886842099,0 111.032295218051,-8.08111855727484,0 111.032966615918,-8.0810699309318,0 111.033622733403,-8.08095546702039,0 111.033897389954,-8.080841989665229,0 111.034156791304,-8.0807771386532,0 111.034599303616,-8.0807771386532,0 111.034977436161,-8.080776413799599,0 111.03510284662,-8.080776171882009,0 111.035568233188,-8.080668426805589,0 111.035621645723,-8.080382309295279,0 111.035789477204,-8.079992267028709,0 111.035888663432,-8.079930269565461,0 111.036071775293,-8.079910248858059,0 111.03637694584,-8.0799445840745,0 111.036537161862,-8.07996172785068,0 111.037055961864,-8.080044712792439,0 111.037193303629,-8.07999417628937,0 111.037353516952,-8.079850161554919,0 111.037452678,-8.07968041991462,0 111.037513708692,-8.07945151187694,0 111.03762816361,-8.07885071798542,0 111.037916530325,-8.07862931029368,0 111.038208004197,-8.078408204774011,0 111.038452145851,-8.07799238703821,0 111.03852843534,-8.07772442684,0 111.038742061198,-8.07694146357689,0 111.038856504425,-8.076756440656441,0 111.039039592904,-8.07661054094288,0 111.039215065024,-8.07653519664124,0 111.039558392907,-8.07650371497366,0 111.039970392121,-8.07650182909536,0 111.040176378238,-8.076414080444611,0 111.040412880151,-8.07619663066918,0 111.040618892349,-8.07604500137491,0 111.040725692238,-8.076010666158551,0 111.040893548,-8.07595440007467,0 111.041259750138,-8.07596489516302,0 111.041633592018,-8.07595821859608,0 111.041847219675,-8.075861887715121,0 111.0419769199,-8.0758008588218,0 111.042068488871,-8.07586570893455,0 111.042121877124,-8.07596871368443,0 111.042205804555,-8.076051697726911,0 111.042427050369,-8.07611652355793,0 111.042526235698,-8.076090796652171,0 111.042747503096,-8.07592579443903,0 111.043281536715,-8.07544515087222,0 111.043380722044,-8.075479486088661,0 111.043662995852,-8.0755777037472,0 111.044242849029,-8.07563682337995,0 111.044342034358,-8.075582466556821,0 111.044509865839,-8.0753745693801,0 111.044605255129,-8.07513471839169,0 111.044723492596,-8.07486055736803,0 111.044830318565,-8.074764224688421,0 111.045104976914,-8.07467171412743,0 111.045478807102,-8.07458684240809,0 111.045669549711,-8.074614481272439,0 111.045669549711,-8.07476993178615,0 111.045600879278,-8.075263947372459,0 111.045707692657,-8.07532306700511,0 111.045799249037,-8.075313539587411,0 111.045852661572,-8.07522388077664,0 111.045997619695,-8.07502935561941,0 111.046157833918,-8.07492444070958,0 111.046211223071,-8.07503697287717,0 111.046325665398,-8.07539364759795,0 111.046508779058,-8.07574937982926,0 111.046668993281,-8.075691178404339,0 111.046875004579,-8.07550332711604,0 111.04693601009,-8.075350730151291,0 111.046944670561,-8.07514538884786,0 111.047019962702,-8.07483383940934,0 111.047142022288,-8.07471175644161,0 111.047233565178,-8.07470413828457,0 111.04740142094,-8.07475755171887,0 111.047553995422,-8.07486817372642,0 111.048046113438,-8.0752258044265,0 111.048133825217,-8.07501789375995,0 111.048248290927,-8.07467838799645,0 111.048362708973,-8.07466885967929,0 111.048553464172,-8.074746089859319,0 111.048785896653,-8.074816960933219,0 111.048927306051,-8.07475373229809,0 111.04928586665,-8.074535340932391,0 111.049430849056,-8.074523890764191,0 111.049766535398,-8.074639289071101,0 111.049861900407,-8.074759921432451,0 111.05039216137,-8.075499483413619,0 111.050498963058,-8.07553669376264,0 111.050628664183,-8.07548710334633,0 111.050689667895,-8.075385063568991,0 111.050781236866,-8.07501883804815,0 111.050750721969,-8.074684117577171,0 111.050735464971,-8.07393643291925,0 111.050910937091,-8.073688470046079,0 111.051162696003,-8.0734872467382,0 111.051528923322,-8.073162052785721,0 111.051708213964,-8.072810130082649,0 111.052329996233,-8.072989435113559,0 111.052444461943,-8.07284829731025,0 111.052566523327,-8.0725507431215,0 111.052574162169,-8.072285611291139,0 111.052696222654,-8.071892716374981,0 111.052804966877,-8.071867948146449,0 111.052909825129,-8.07184406485093,0 111.053863497703,-8.07251070080741,0 111.055381765557,-8.07246202680027,0 111.055740352237,-8.072217909428179,0 111.055870048865,-8.07184406485093,0 111.055745979295,-8.071243461615691,0 111.055473310246,-8.070900887365299,0 111.055244448973,-8.07065674481211,0 111.055023180676,-8.07031532798921,0 111.054985026039,-8.069778417439229,0 111.055221551335,-8.069467513713979,0 111.055389381916,-8.06927105501436,0 111.055488567245,-8.06901356382412,0 111.055580136215,-8.0686845495515,0 111.055679322444,-8.06853004242671,0 111.055786123232,-8.068457575955581,0 111.056198120648,-8.068458519344411,0 111.057037326612,-8.06850047091925,0 111.057388295135,-8.06835266104566,0 111.057830808346,-8.068016973803481,0 111.05797576557,-8.067871072291361,0 111.058082568157,-8.067732789835571,0 111.058189368046,-8.06770512668939,0 111.05852507957,-8.067941630401119,0 111.058654780695,-8.06802744281145,0 111.058761580583,-8.068018883963511,0 111.058830251916,-8.06794259627295,0 111.058883641068,-8.067816692985151,0 111.059013341294,-8.067758541023061,0 111.059494010042,-8.067891069616399,0 111.059677121903,-8.06795021173205,0 111.059831923106,-8.067908969722421,0 111.059949940239,-8.06780324272469,0 111.060153207705,-8.067671179980129,0 111.060386627642,-8.067668881313001,0 111.060554483404,-8.06761737983739,0 111.060779561229,-8.067419020870361,0 111.06114959358,-8.067792875340141,0 111.06141663557,-8.06798645890718,0 111.062103266154,-8.0680684752791,0 111.062545780265,-8.068075150047299,0 111.063201895052,-8.06808564333701,0 111.063476554301,-8.067954033850761,0 111.06404114958,-8.06775469642127,0 111.064243303687,-8.06770702605761,0 111.064407325639,-8.067609738297991,0 111.064537025864,-8.06742664891993,0 111.06465911063,-8.067079525898579,0 111.064704881626,-8.066711389318341,0 111.064743038062,-8.06638426272275,0 111.06486512103,-8.06620499366475,0 111.065292352061,-8.065569842073691,0 111.065422052287,-8.06524081610997,0 111.065422052287,-8.06474395776662,0 111.065406795288,-8.06442638287046,0 111.065444949926,-8.064028699064391,0 111.065559368871,-8.06347938506477,0 111.06556701131,-8.063313438563521,0 111.065864564599,-8.0632533764414,0 111.066358289704,-8.06312244684268,0 111.066329999731,-8.06301999967247,0 111.06638989368,-8.06311494829548,0 111.067207313568,-8.063009209606561,0 111.067924483329,-8.0629930101185,0 111.068527211662,-8.0630902843883,0 111.069526655232,-8.063220951384981,0 111.070800782331,-8.06352900066209,0 111.071730985298,-8.064027638763751,0 111.071922284587,-8.063521334840869,0 111.071975697122,-8.06330200188507,0 111.071929925227,-8.06304451159412,0 111.071517952093,-8.062348331109749,0 111.071411126124,-8.0621423422945,0 111.071403484584,-8.06158253410589,0 111.071388227586,-8.061447126782671,0 111.071289065639,-8.061305965597089,0 111.071197496668,-8.061274509110509,0 111.071052541243,-8.06131263856664,0 111.070800782331,-8.06152244680267,0 111.070465095089,-8.06143661011069,0 111.070378713408,-8.06140330641667,0 111.069961526904,-8.061366996289051,0 111.069686871253,-8.06131551729643,0 111.069488499696,-8.06116671457144,0 111.06937408165,-8.060940706847351,0 111.069358798571,-8.06083581711845,0 111.06946181771,-8.06055351812955,0 111.070060713132,-8.05946634929175,0 111.070022580978,-8.05919834232882,0 111.069931012008,-8.059079135393031,0 111.06956100214,-8.05892655011937,0 111.06919096799,-8.05857368402747,0 111.069053627124,-8.058459240800479,0 111.068916312339,-8.05840391810553,0 111.068664553427,-8.058376281039729,0 111.068435640893,-8.05824563742541,0 111.068328840105,-8.058103532850989,0 111.068130470346,-8.057753507717401,0 111.06783293864,-8.05741114660638,0 111.067573525599,-8.05718036258285,0 111.067420966405,-8.05680080281399,0 111.067275983101,-8.05662436392249,0 111.067192079952,-8.05653569706393,0 111.067047122728,-8.05639071375963,0 111.066963171015,-8.056320158347811,0 111.066864009068,-8.056181874992729,0 111.066818237173,-8.0560922395644,0 111.066734284561,-8.05578324779783,0 111.066711411204,-8.055656401121199,0 111.066772465278,-8.055341701357619,0 111.06683346989,-8.05493922956102,0 111.06692503886,-8.05462262143597,0 111.067108128239,-8.054353693567281,0 111.067687957135,-8.05399414281464,0 111.067985514021,-8.053657488801271,0 111.068054183555,-8.053516351897329,0 111.068077081193,-8.0533551933867,0 111.068000795301,-8.053185451746399,0 111.067642196931,-8.05283589785763,0 111.067558281191,-8.052274675035459,0 111.067718496313,-8.05181881498549,0 111.067794807386,-8.05136010138674,0 111.067810041002,-8.05109211690689,0 111.06783293864,-8.05064007807634,0 111.067901609073,-8.050460784736609,0 111.067993154661,-8.05030627671246,0 111.068199139879,-8.049944862564519,0 111.068298326108,-8.049824689756811,0 111.068636559331,-8.04947437414225,0 111.068859089376,-8.04912183360495,0 111.068687425885,-8.048850029704321,0 111.068550109301,-8.048715565769941,0 111.068412768436,-8.048399875852789,0 111.068382254439,-8.04819006941533,0 111.068450923972,-8.04784200210586,0 111.068588240556,-8.047484359714611,0 111.068679785245,-8.04728980937645,0 111.068977341232,-8.04680725475024,0 111.069084142021,-8.046563113096409,0 111.069129938197,-8.046108218918359,0 111.068931569338,-8.045506459155,0 111.068641653091,-8.04498572471064,0 111.068199139879,-8.044514606762871,0 111.067985514021,-8.04394529543821,0 111.068000795301,-8.043277693609911,0 111.06809995545,-8.042903851730591,0 111.068168625882,-8.0423831658496,0 111.068130470346,-8.041976898014671,0 111.068031285017,-8.041618314033141,0 111.067855812896,-8.04119582062985,0 111.067642210421,-8.04080577836319,0 111.067599382007,-8.040601762660369,0 111.067512485014,-8.040187816413759,0 111.067382783889,-8.03865811188156,0 111.067192079952,-8.0370664098861,0 111.067237827565,-8.036505681691031,0 111.067268367642,-8.03627009888514,0 111.067268367642,-8.03554722292516,0 111.067314140436,-8.035248724448291,0 111.067409516237,-8.035071329577409,0 111.067726136953,-8.034921596953341,0 111.067947380968,-8.03482816638596,0 111.068130470346,-8.034642175795041,0 111.068351740442,-8.0342263814416,0 111.068412768436,-8.03397747607888,0 111.068397511437,-8.03386973100246,0 111.068344122285,-8.033588375402401,0 111.068344122285,-8.03320880304299,0 111.068786611214,-8.03248021998537,0 111.069000237972,-8.03212734040364,0 111.069160453094,-8.03184504231402,0 111.069320668215,-8.031702962920621,0 111.069740307171,-8.03152940096026,0 111.070007299698,-8.031409228152549,0 111.070190435841,-8.03125474261148,0 111.070541380981,-8.03096480298246,0 111.071189881209,-8.030745470026581,0 111.071411126124,-8.03067394694428,0 111.071540824551,-8.03051085489126,0 111.071563723088,-8.03038881868825,0 111.071472155017,-8.030263858789199,0 111.071113570136,-8.03011222769636,0 111.070892325222,-8.03002068300729,0 111.070739751639,-8.0299157923791,0 111.070671081206,-8.02978227093427,0 111.070671081206,-8.02958675382483,0 111.0707321101,-8.02948471584615,0 111.071014408189,-8.029376003998619,0 111.071235629722,-8.02932735337385,0 111.071609471601,-8.029143298123961,0 111.071838356256,-8.028997398410411,0 111.072067266093,-8.028796173303959,0 111.072669969245,-8.028505292084761,0 111.072723382679,-8.028028443656909,0 111.072853082005,-8.02779385280323,0 111.073036172283,-8.027531599702749,0 111.073463426697,-8.02711960138773,0 111.073760959302,-8.026907907273319,0 111.074314105313,-8.026618440687679,0 111.074439996909,-8.02650449388644,0 111.074531541598,-8.02625174302274,0 111.074531541598,-8.026010477400771,0 111.074722294999,-8.025607064013981,0 111.07507323924,-8.02507873659359,0 111.075431799839,-8.024852704587859,0 111.075958241381,-8.024752576769201,0 111.077041613281,-8.024726849863439,0 111.078407283271,-8.024776417796661,0 111.079872114308,-8.025052985406189,0 111.081184370863,-8.025303826109861,0 111.082572939391,-8.02598184838277,0 111.084259015342,-8.02686114342621,0 111.086715685282,-8.028257824738059,0 111.086868272354,-8.028379413078611,0 111.086997972579,-8.028465224589659,0 111.087394712097,-8.02866265275841,0 111.087928769998,-8.028817137400109,0 111.088169092231,-8.02893109589253,0 111.08826445724,-8.02900977667904,0 111.088516241333,-8.02918239704913,0 111.088653557017,-8.029135680866119,0 111.088928213567,-8.0289935762917,0 111.089019758256,-8.02897832109184,0 111.089309672704,-8.02896020874581,0 111.089431756571,-8.028977353421361,0 111.089714054661,-8.02908130066071,0 111.090461715037,-8.02937218187982,0 111.090621930159,-8.029410338315611,0 111.090721114589,-8.029391235816121,0 111.091125473163,-8.029287286778031,0 111.091438567637,-8.0291578914228,0 111.091896057258,-8.029483771558031,0 111.092239384241,-8.029705984143069,0 111.092460603975,-8.029731711048839,0 111.092567429944,-8.02984328813641,0 111.092575070584,-8.02993484541603,0 111.092498760411,-8.030137034595651,0 111.092399597564,-8.03042980439117,0 111.092521658049,-8.030515641982509,0 111.092842087393,-8.030677766365059,0 111.093040458052,-8.030937166815949,0 111.093040458052,-8.031154589611811,0 111.092941272723,-8.03153892568011,0 111.092712387168,-8.031833629017941,0 111.092353802287,-8.03231521687295,0 111.092086761196,-8.03286167732371,0 111.091758714594,-8.03338142071523,0 111.091583244272,-8.033835394886729,0 111.091461161305,-8.03432462158322,0 111.091423028251,-8.034830075646621,0 111.091392513355,-8.035214387433291,0 111.091468800146,-8.03547569894358,0 111.091560345734,-8.035595846570271,0 111.091606117629,-8.0357017057683,0 111.091621398909,-8.03595063541267,0 111.091613759169,-8.03703686176091,0 111.091590884013,-8.037239994329459,0 111.09152221358,-8.037836993081941,0 111.091529829939,-8.038049653068271,0 111.091476418303,-8.03825184404654,0 111.091514597222,-8.038349118316329,0 111.091583244272,-8.038499782638061,0 111.091583244272,-8.03861424834813,0 111.091495507313,-8.03879638444473,0 111.091361975076,-8.03906628897724,0 111.091354356919,-8.039234144739151,0 111.091529829939,-8.039688069448079,0 111.091773973391,-8.040036161938559,0 111.091819768668,-8.040163006816529,0 111.09178158885,-8.04029270794131,0 111.091690069342,-8.04037757876146,0 111.091270430387,-8.04069897577633,0 111.091018670576,-8.04085822412692,0 111.090751630385,-8.040952644847851,0 111.090480781564,-8.04102751700548,0 111.090347272709,-8.041447602923711,0 111.09025572892,-8.04187580342481,0 111.090362529708,-8.042489965738531,0 111.090469356577,-8.043323488887079,0 111.090454099578,-8.043610529101869,0 111.090484590193,-8.043756453097069,0 111.090530387269,-8.044330550613619,0 111.090370171247,-8.044837913937769,0 111.090202317284,-8.04519840897861,0 111.090217597665,-8.045351949332201,0 111.090377787606,-8.045662853057451,0 111.090545644267,-8.045811606319781,0 111.090827917176,-8.04593274679806,0 111.091107668385,-8.04605067759589,0 111.091285688285,-8.04622362891654,0 111.091323842922,-8.046379999436621,0 111.091220838172,-8.04652686592129,0 111.090988156579,-8.04665847630681,0 111.090690600592,-8.046872104862899,0 111.090530387269,-8.04697319855347,0 111.090370159556,-8.047107661588489,0 111.090286242917,-8.04728124962914,0 111.09026336956,-8.0474338241109,0 111.090194699127,-8.047909704868189,0 111.090049741903,-8.04817577828873,0 111.089767442914,-8.048275928590471,0 111.089645384228,-8.04830547671558,0 111.089515684003,-8.048411336812981,0 111.089317314244,-8.048746056384591,0 111.089299433923,-8.048943284004601,0 111.089431756571,-8.049020738115731,0 111.089797970401,-8.04919191687268,0 111.089920042577,-8.04931447288379,0 111.089942941115,-8.0494174551506,0 111.089897144039,-8.04949852903305,0 111.089645384228,-8.04961964433031,0 111.089508044262,-8.049736941106151,0 111.089454629928,-8.049936255153201,0 111.089485145724,-8.05010599589413,0 111.089584330154,-8.050316770901439,0 111.089736928917,-8.05048080544401,0 111.089824664977,-8.050533262898931,0 111.09026336956,-8.05053898168784,0 111.090507488731,-8.050655309893839,0 111.090599055903,-8.050753551834109,0 111.090621930159,-8.050984348448109,0 111.090576159163,-8.05109020674686,0 111.090530387269,-8.051259005897601,0 111.090515127572,-8.051351515559221,0 111.090377787606,-8.05255315190565,0 111.090370171247,-8.05286499812037,0 111.090293883557,-8.053100555745241,0 111.090103130156,-8.05352017131802,0 111.089935275294,-8.05383489536333,0 111.089843754886,-8.05395695404942,0 111.089843754886,-8.05406469912575,0 111.089897144039,-8.054469079283731,0 111.089995126075,-8.0547109195725,0 111.089981070571,-8.0548457756112,0 111.089820856348,-8.055272065052989,0 111.08979795871,-8.055457087074069,0 111.08979795871,-8.05590624897339,0 111.089675899124,-8.05624957685569,0 111.089477530265,-8.056590027806759,0 111.089376441071,-8.05694624926914,0 111.089385960395,-8.057079279684171,0 111.08934782914,-8.057571386009821,0 111.089393917596,-8.057825660325109,0 111.089607228692,-8.05808636479308,0 111.089698773381,-8.05823896175783,0 111.089653000587,-8.058344821855229,0 111.089420319893,-8.05862996180244,0 111.089225769555,-8.058792073594519,0 111.089103686587,-8.058947042071511,0 111.089073171691,-8.05920977900727,0 111.089019758256,-8.05933950171584,0 111.088935831724,-8.05952068093387,0 111.088867184674,-8.059612249904591,0 111.088729844708,-8.05976197083749,0 111.088668814016,-8.05994793714677,0 111.088707066679,-8.06008730058765,0 111.088966370003,-8.060370403570481,0 111.089317314244,-8.06066414013711,0 111.089660616945,-8.06086824037622,0 111.089935286985,-8.06082245679014,0 111.090126029594,-8.060592616155519,0 111.09026336956,-8.060323690085401,0 111.090408304301,-8.06020066282955,0 111.090599055903,-8.060202548707849,0 111.091011029936,-8.06027885978078,0 111.091247556131,-8.06036278901065,0 111.091670991124,-8.06059546970439,0 111.091903673617,-8.060726136700991,0 111.092033372943,-8.060900665432539,0 111.092117300374,-8.061131435966249,0 111.092201228705,-8.061632125421481,0 111.092132558272,-8.06175800532691,0 111.091857899923,-8.06225008737082,0 111.09187315872,-8.062548610129429,0 111.09197234405,-8.06309125115949,0 111.092079144838,-8.06333251588209,0 111.092262257598,-8.063554727567769,0 111.092452987616,-8.06367202344433,0 111.092567429944,-8.063664407085939,0 111.092887871879,-8.063697301588361,0 111.09296417216,-8.063943827344961,0 111.092971787619,-8.06427857209759,0 111.092971787619,-8.065191234686919,0 111.093109104203,-8.06525608479966,0 111.093223571712,-8.065239884412319,0 111.093490587622,-8.065087284749641,0 111.093658418203,-8.06503960359399,0 111.093872070141,-8.065090140097061,0 111.094123829952,-8.06513211505426,0 111.094269277306,-8.065065247762201,0 111.094314583352,-8.0643882507164,0 111.094512929729,-8.06423277502177,0 111.094757072282,-8.064222305114431,0 111.095535247555,-8.06455513880784,0 111.096046431199,-8.064457863638671,0 111.096307245384,-8.06406897430292,0 111.096267700395,-8.063834173007891,0 111.096229543959,-8.06358238891538,0 111.096176131424,-8.06344886836983,0 111.096000660203,-8.063255285702059,0 111.095520013938,-8.06289002695242,0 111.09532164418,-8.062697363391839,0 111.09529874744,-8.0625667206768,0 111.095344542717,-8.062143284783961,0 111.095611560426,-8.06167789731629,0 111.095848083923,-8.061368904650431,0 111.096065509417,-8.061116191558201,0 111.096435530976,-8.06096645893413,0 111.096847529291,-8.060769055946389,0 111.097312915859,-8.060533497422149,0 111.097625728845,-8.060520125402659,0 111.09803008742,-8.06048199414788,0 111.098411545657,-8.060453389411609,0 111.098602275676,-8.060399975977321,0 111.098701460105,-8.06027407179015,0 111.098907447122,-8.06008145589367,0 111.099250775004,-8.06009004082191,0 111.099899275232,-8.059844954879971,0 111.100090028633,-8.05970667242417,0 111.100158675683,-8.05962559674307,0 111.100593571637,-8.059376689581789,0 111.100807174113,-8.05934138939279,0 111.101234406044,-8.05938048741876,0 111.101333591373,-8.05937954402993,0 111.101489997866,-8.05934854439907,0 111.101753230328,-8.059263215823931,0 111.101867672656,-8.05924411332435,0 111.102020246238,-8.05923840712599,0 111.102188102,-8.05926224815336,0 111.102539071422,-8.059298494429211,0 111.102867118024,-8.05934806056379,0 111.10345457497,-8.059394801028439,0 111.103548307709,-8.05932512785161,0 111.103836046697,-8.059392890868409,0 111.104015338238,-8.05934663513832,0 111.104141242425,-8.05929752585936,0 111.104232763732,-8.059257461062201,0 111.104347229442,-8.05921454181688,0 111.104476906285,-8.059142074446379,0 111.104711515125,-8.058949192350569,0 111.104995705389,-8.05900664464016,0 111.105152111882,-8.0589937807376,0 111.10526274558,-8.05900664464016,0 111.105400062164,-8.059072462423391,0 111.10553740303,-8.05914113195691,0 111.105716684678,-8.059208834719151,0 111.105949402244,-8.05921836213694,0 111.106132490723,-8.05920501439909,0 111.106239316692,-8.059181173371631,0 111.106384263124,-8.059106796740471,0 111.106765732154,-8.05902192592032,0 111.106895433279,-8.05896374967649,0 111.107135767203,-8.058812578137211,0 111.107376076845,-8.05876823166769,0 111.108222947732,-8.05826183691347,0 111.109352092426,-8.05755803737269,0 111.110115059264,-8.057304344019521,0 111.111473063432,-8.05693814188095,0 111.113166804306,-8.05668541529889,0 111.113510107007,-8.056740738893129,0 111.115318290208,-8.05806249858469,0 111.116699218096,-8.058991411024021,0 111.117660506129,-8.059300403689869,0 111.118988044863,-8.05966563815787,0 111.120231607604,-8.05991836384057,0 111.121391290577,-8.06003089690752,0 111.121931361344,-8.060375586363429,0 111.122486100954,-8.060191111130029,0 111.122618501843,-8.060988732443301,0 111.122886661691,-8.061267810060579,0 111.123397821054,-8.06250568998483,0 111.123483875382,-8.0626446145565,0 111.123859102217,-8.063127346349169,0 111.123916899846,-8.0635010308471,0 111.124160760911,-8.06396863514354,0 111.124243371735,-8.06405274603663,0 111.124693113697,-8.064314035063839,0 111.12501171472,-8.064826582979601,0 111.125358553555,-8.06492898068716,0 111.126177960945,-8.064676604840621,0 111.126455953081,-8.06457276192263,0 111.126616554911,-8.064512591881771,0 111.127189634395,-8.064241382433091,0 111.127708410116,-8.06394288395613,0 111.127555835634,-8.063032106345821,0 111.126441948838,-8.061049417795591,0 111.126411379982,-8.059124007965799,0 111.126403794201,-8.058646172981691,0 111.126625038216,-8.055685971729391,0 111.126754739341,-8.053514439938651,0 111.126846307412,-8.05079838034017,0 111.127174375598,-8.04738613935805,0 111.127067551427,-8.04300591309164,0 111.126129135852,-8.039112059972849,0 111.12632750741,-8.037467911314209,0 111.126884438667,-8.036165205558939,0 111.128509508208,-8.034698464361821,0 111.129844664201,-8.032748201767291,0 111.130234657005,-8.03178087298808,0 111.13076782008,-8.03045843071115,0 111.132362375624,-8.02888293000241,0 111.133689864896,-8.026453931303079,0 111.13374327923,-8.025719618664651,0 111.136170401044,-8.023604193777739,0 111.136314380705,-8.0213517949486,0 111.136253350013,-8.018264722737941,0 111.135948178567,-8.016058904294219,0 111.135215750907,-8.01309676860016,0 111.133518268854,-8.01104978032234,0 111.133377053709,-8.01087949009562,0 111.132049538357,-8.009565299098441,0 111.131172176856,-8.00872800329393,0 111.130493164429,-8.00791449995342,0 111.13030240923,-8.00708767585472,0 111.130187991184,-8.005853638733599,0 111.130287177412,-8.0050982900532,0 111.130423296099,-8.00448475186894,0 111.130607580676,-8.003821334586149,0 111.1309432931,-8.00244234203968,0 111.131233183266,-8.00132366635329,0 111.131813037343,-7.99999997311951,0 111.131843552239,-7.999328576152059,0 111.131706211374,-7.9990581976769,0 111.131599409686,-7.99854752214961,0 111.131645204963,-7.99834915059203,0 111.131774880907,-7.99814746862997,0 111.132141107327,-7.997718303156409,0 111.132141107327,-7.99748511434575,0 111.132118209689,-7.997264352367181,0 111.132087693893,-7.99700350130972,0 111.132055347977,-7.99679411305711,0 111.131973251565,-7.996461828849501,0 111.131835934981,-7.99610087335583,0 111.131721490855,-7.995853393418571,0 111.131614690067,-7.995605914380601,0 111.131469708561,-7.99539228672388,0 111.131362906874,-7.99526495711125,0 111.131118764321,-7.99504467986733,0 111.130912778203,-7.994850589082649,0 111.130630479214,-7.9946097839136,0 111.130424492198,-7.99441620034655,0 111.130195608442,-7.994155373570821,0 111.129959081348,-7.99381443878455,0 111.129837046044,-7.99365374162604,0 111.129714963076,-7.99338288111424,0 111.129295348403,-7.99260564743194,0 111.128729455401,-7.99178919161707,0 111.1287245487,-7.99165943383504,0 111.128890991627,-7.99149700728026,0 111.129013050313,-7.991372554598941,0 111.129081695565,-7.991204215901029,0 111.129089361386,-7.99106498915711,0 111.129074080106,-7.99050614773971,0 111.129142751438,-7.99024150064391,0 111.12931822086,-7.99010606993833,0 111.12949369388,-7.989980649586541,0 111.129745477972,-7.98977560595868,0 111.129783609227,-7.98957297970841,0 111.129714963076,-7.98941228165071,0 111.129577622211,-7.98923395598146,0 111.129135108999,-7.98878568890759,0 111.128936764421,-7.98852440257831,0 111.128883350088,-7.98800466008616,0 111.128837579092,-7.98761887341146,0 111.128646848174,-7.987249333888829,0 111.128646848174,-7.98701138136937,0 111.128707854585,-7.986838302344921,0 111.128845194551,-7.986615149069061,0 111.129005409673,-7.98638577967918,0 111.129241934968,-7.98617216371364,0 111.129325863299,-7.986038171923269,0 111.129264834406,-7.98560709539031,0 111.129184702113,-7.98545667388564,0 111.128761291402,-7.98543450199989,0 111.128501867568,-7.98533911270911,0 111.128387448623,-7.985259489433049,0 111.128402344094,-7.984788387673139,0 111.128471376054,-7.984599551627219,0 111.128524765207,-7.984490381125431,0 111.128257724116,-7.98418281478423,0 111.128166204608,-7.98409409936238,0 111.128372179034,-7.98380586484799,0 111.128288263294,-7.98370693402703,0 111.127952552669,-7.98367687688555,0 111.127777081448,-7.983649699373309,0 111.127567284903,-7.98350116464621,0 111.127517705279,-7.98327346259939,0 111.127494805842,-7.98318095203849,0 111.127517705279,-7.98305461257951,0 111.127426137208,-7.9829339568358,0 111.127336589013,-7.98275960257277,0 111.127281178185,-7.98255917066837,0 111.127197249854,-7.98225160432726,0 111.127136220961,-7.98199077755153,0 111.127029394992,-7.981603104998529,0 111.126968365199,-7.98139569075773,0 111.126930210562,-7.98119492790277,0 111.126853922871,-7.98084064537865,0 111.126800534618,-7.98047253487879,0 111.126739503926,-7.98008486142643,0 111.126716606287,-7.979777295085319,0 111.126693708649,-7.97948977373326,0 111.126686091391,-7.97925564243314,0 111.126708965647,-7.97883411670033,0 111.126731863286,-7.97849318191406,0 111.126724224444,-7.97814509212151,0 111.126716606287,-7.97786422035673,0 111.126670834393,-7.97761006655055,0 111.126617420958,-7.97736261269368,0 111.126472464634,-7.97707506705989,0 111.126296990715,-7.97679419529511,0 111.126083363957,-7.97647998116537,0 111.125968921629,-7.97631974176185,0 111.125892633939,-7.97621245533979,0 111.125663749284,-7.97595211239925,0 111.125549306057,-7.97579523466152,0 111.125389092734,-7.97562406669656,0 111.125301356673,-7.97557851243762,0 111.125114435284,-7.97543045974707,0 111.125003801585,-7.975223978103279,0 111.124847393294,-7.97449632494467,0 111.124778721961,-7.97432609856981,0 111.124641406277,-7.97411583257888,0 111.124626149278,-7.97391221527577,0 111.124656664175,-7.97355075166508,0 111.124603275022,-7.97341986883109,0 111.124298079294,-7.97317978761627,0 111.124130222633,-7.97305197326916,0 111.124023434435,-7.97287531674171,0 111.123542777378,-7.97261427233002,0 111.1233964334,-7.972492784713441,0 111.123250000388,-7.972379999836351,0 111.123379787848,-7.97245904664687,0 111.123550632956,-7.97238930242359,0 111.123734556905,-7.972245998153449,0 111.123824231904,-7.972124597771169,0 111.12398796967,-7.97185655843262,0 111.124106545282,-7.97165079984379,0 111.124150871067,-7.971562356017121,0 111.124257495588,-7.97142015341659,0 111.124561219126,-7.971319764794459,0 111.12478269067,-7.971288882974781,0 111.124887708102,-7.97129383733996,0 111.12502608139,-7.97143808140155,0 111.125101346551,-7.97151305068593,0 111.125191351601,-7.971730295416049,0 111.125246739047,-7.97190059103863,0 111.125336385267,-7.97200181063427,0 111.125427223089,-7.972015341833711,0 111.125617977389,-7.97183367967977,0 111.125876069326,-7.971417838561611,0 111.125954643993,-7.97131906692061,0 111.126068478379,-7.97133389134514,0 111.126263134837,-7.9714130316852,0 111.12646000003,-7.971299998595289,0 111.126295320674,-7.971429991100409,0 111.126525877169,-7.97161717329309,0 111.126594546702,-7.971932380274309,0 111.126617420958,-7.97205777634455,0 111.126724224444,-7.97214934531527,0 111.12703703743,-7.9722451941596,0 111.127220149292,-7.97230191979694,0 111.127555835634,-7.97241636212456,0 111.127952552669,-7.97256465583342,0 111.128208143592,-7.97262331591244,0 111.128623949637,-7.97231147059709,0 111.128746032604,-7.97222181178641,0 111.129112235642,-7.97228617896324,0 111.129264834406,-7.97230719072348,0 111.129535670636,-7.97218009043807,0 111.129745477972,-7.97209639143452,0 111.130069729435,-7.971993168149401,0 111.130256637335,-7.97209114478972,0 111.130348205406,-7.9723267275956,0 111.130378696021,-7.97272774788644,0 111.130447379044,-7.97287246409213,0 111.130653352571,-7.97288223342751,0 111.130828849873,-7.97288796300832,0 111.130882239025,-7.973046726624351,0 111.130912778203,-7.97313162172615,0 111.131156895575,-7.97332999238445,0 111.131446835204,-7.973370517634449,0 111.131736747854,-7.973413919815759,0 111.1320266641,-7.973520722402631,0 111.132194519862,-7.97363516473024,0 111.132339477086,-7.97381730982018,0 111.132519560031,-7.973848208727,0 111.132728552582,-7.973884070992241,0 111.132873534087,-7.97388646408827,0 111.132987978214,-7.973814941005879,0 111.133110218563,-7.97361065730517,0 111.133140550897,-7.97351356379914,0 111.133155807895,-7.9733275992885,0 111.13346098114,-7.97283192715095,0 111.133575422569,-7.972741554278471,0 111.133979781143,-7.97269578238366,0 111.13410947957,-7.97263047271737,0 111.134178150902,-7.97250123294479,0 111.134178150902,-7.97236485885038,0 111.134132354725,-7.97223515862488,0 111.134185792441,-7.97204824982605,0 111.134315492667,-7.971915213115781,0 111.134506198403,-7.97186704812494,0 111.135169978113,-7.97184605884777,0 111.135520923253,-7.97180935391775,0 111.135978692564,-7.97181697027613,0 111.136165603161,-7.97182079059619,0 111.136284072653,-7.97151605442159,0 111.136535649002,-7.97097537211493,0 111.136802664912,-7.9703654869768,0 111.137512194933,-7.96961400538127,0 111.137702924052,-7.969480001899721,0 111.137962347885,-7.96942373581593,0 111.138114923266,-7.969434687759809,0 111.138633698088,-7.96972842342716,0 111.138778679593,-7.96968932630055,0 111.138999925407,-7.96947045109966,0 111.139228809163,-7.969304069326499,0 111.139595011302,-7.96909423770811,0 111.1398010226,-7.968909239968671,0 111.139938362566,-7.968697521572521,0 111.140045164254,-7.96853633878025,0 111.140159583199,-7.96845432240825,0 111.140289307706,-7.968433334929649,0 111.140419007033,-7.96850773494317,0 111.140541065719,-7.96869561141258,0 111.140670765944,-7.96899362695353,0 111.140815724067,-7.96925445193062,0 111.141700725309,-7.9695958696528,0 111.141929609965,-7.969563444596469,0 111.142105082085,-7.969410388078169,0 111.142257679949,-7.96912903157874,0 111.142280555105,-7.96900175142885,0 111.142150854879,-7.96880338077064,0 111.142204268313,-7.96823735736738,0 111.142257679949,-7.9681257919709,0 111.142539978938,-7.96797225071804,0 111.142700168879,-7.967864457977521,0 111.142761222953,-7.967791507671189,0 111.142784097209,-7.96767135914513,0 111.142806994848,-7.96757741956147,0 111.142898540436,-7.96748967181009,0 111.143714894628,-7.96718401742766,0 111.143859851852,-7.96710248309229,0 111.144058199128,-7.96683070167474,0 111.144103995304,-7.9667028891262,0 111.144439683446,-7.96654983170852,0 111.144622795307,-7.96646496088846,0 111.144866936961,-7.966364348335239,0 111.14503859056,-7.96635670679575,0 111.145172110206,-7.966396289556291,0 111.145431510657,-7.96662374878614,0 111.145706167207,-7.967020490102741,0 111.145797710997,-7.96714015479352,0 111.145935051862,-7.96717497294579,0 111.146194452313,-7.967120134086109,0 111.146430954226,-7.96698852280131,0 111.14657591235,-7.966642344068159,0 111.146621684244,-7.96652647271778,0 111.146781897568,-7.966443996792229,0 111.146934520613,-7.966393897359711,0 111.147010808303,-7.96630904992193,0 111.1470413232,-7.96616503608676,0 111.146972651867,-7.965861773900909,0 111.146881082897,-7.96568390778529,0 111.146758999929,-7.965578024305529,0 111.146423336969,-7.96546026977487,0 111.146286022183,-7.96541067666063,0 111.146186835055,-7.96531816430108,0 111.146148680418,-7.96517654356186,0 111.146522498016,-7.964660622289129,0 111.146652198241,-7.9645056304297,0 111.146713252316,-7.96427198206548,0 111.146720868674,-7.96399113368307,0 111.146583528708,-7.96356436130545,0 111.146568295092,-7.96330926590909,0 111.146614066987,-7.96312615404795,0 111.146827671261,-7.962871031671919,0 111.147003167663,-7.962694617961439,0 111.147102328711,-7.96247622659574,0 111.147090892032,-7.962236836060339,0 111.146972651867,-7.96210857385078,0 111.146942136971,-7.96178908789531,0 111.147079453555,-7.961659872404381,0 111.147270183573,-7.96155256170059,0 111.147377010442,-7.961439569979371,0 111.14739226744,-7.96126075957555,0 111.14730069757,-7.9609994498639,0 111.147537224664,-7.96068330039321,0 111.147621152096,-7.96057221973139,0 111.147628767555,-7.96048113459595,0 111.14720915468,-7.96029613595706,0 111.146942136971,-7.95991511209197,0 111.146873468337,-7.95976205377493,0 111.146850568,-7.95966383701567,0 111.14686585018,-7.95942208755851,0 111.146820054003,-7.95905300758943,0 111.146751382671,-7.95884557086563,0 111.146629323985,-7.958696816703941,0 111.146469108863,-7.958539914684559,0 111.146492008301,-7.95819016744148,0 111.146217349952,-7.957999183814519,0 111.146049495089,-7.957882855608521,0 111.145980824656,-7.95777890657043,0 111.145973183117,-7.9574865981272,0 111.146011338653,-7.957284408048129,0 111.146133398239,-7.95706601578323,0 111.146362308075,-7.95701693168529,0 111.146697994418,-7.95699306457753,0 111.146903982334,-7.95649859033687,0 111.146972651867,-7.956407528583801,0 111.147079453555,-7.95635885637531,0 111.147216794421,-7.95640322532782,0 111.147415165079,-7.95649286075606,0 111.147590637199,-7.956500477114541,0 111.147689823428,-7.956453277995609,0 111.147857653109,-7.95623205736278,0 111.148277268682,-7.955958343302119,0 111.148460381442,-7.955821970107069,0 111.148559565872,-7.95565508201563,0 111.148674009099,-7.955409005020761,0 111.148788451427,-7.955236870284521,0 111.149185167563,-7.9550313419221,0 111.149360663964,-7.95476671910804,0 111.149421670375,-7.95458837005642,0 111.14947508291,-7.95405385260239,0 111.149482699268,-7.95390316489839,0 111.149322510227,-7.9536442482826,0 111.149131755028,-7.95340201588952,0 111.149040211238,-7.95319554593683,0 111.148925768011,-7.95296332389745,0 111.148780809888,-7.952710114379481,0 111.148719780994,-7.95230672257641,0 111.148689266098,-7.95201869490607,0 111.148651110561,-7.951520882381979,0 111.148681626357,-7.951368768353139,0 111.148773170147,-7.95097920902248,0 111.14883804544,-7.95082422885431,0 111.148017868231,-7.950122811617659,0 111.146980269125,-7.948883505368661,0 111.146185799036,-7.94769418973424,0 111.145278910994,-7.946486908343301,0 111.144470198342,-7.94520564962018,0 111.144012450615,-7.944565274766859,0 111.143493652411,-7.94351145009258,0 111.143264765957,-7.942581619445339,0 111.143249508059,-7.94142435385008,0 111.143264765957,-7.94068046612977,0 111.143409723181,-7.939915613414031,0 111.143612693872,-7.93919219696151,0 111.143699637629,-7.9388823166648,0 111.144424426447,-7.93784902081485,0 111.144790650169,-7.93702838585051,0 111.144699082098,-7.936843336849759,0 111.144615178049,-7.93658014305838,0 111.144561766413,-7.93634792011963,0 111.144531227235,-7.93625971281471,0 111.144462580185,-7.935914232854779,0 111.144500713238,-7.9356894329202,0 111.144569381873,-7.93542573011261,0 111.14459228131,-7.935275984897981,0 111.144660949944,-7.93510051187831,0 111.144765434978,-7.93495374881563,0 111.144531227235,-7.934786274366301,0 111.144386293394,-7.93463178882523,0 111.144256567987,-7.93441100256493,0 111.144142126559,-7.934121344423729,0 111.144103995304,-7.933930359897401,0 111.144065838868,-7.93381211973272,0 111.143920883443,-7.93342872795262,0 111.143882726108,-7.93327327564035,0 111.144065838868,-7.93324991934745,0 111.14424133617,-7.93323608777441,0 111.14457699913,-7.93323275039026,0 111.145111080413,-7.933173630757691,0 111.14541625186,-7.933078244164851,0 111.145668009872,-7.932840797963659,0 111.14594266912,-7.93256802639255,0 111.14612578188,-7.9322947952678,0 111.146301254001,-7.93201015174625,0 111.146324153438,-7.9318556428229,0 111.146362308075,-7.93168969901958,0 111.146476726121,-7.93153521257923,0 111.146705609877,-7.9314999357726,0 111.147087094195,-7.93152329386415,0 111.147445679975,-7.93151137155177,0 111.147720337425,-7.931427928855019,0 111.148056000385,-7.93126198415241,0 111.148277268682,-7.93110747612835,0 111.148460381442,-7.93095299058719,0 111.148590081668,-7.93090576808599,0 111.148780809888,-7.930870005645431,0 111.149002055701,-7.93076320485722,0 111.149046290655,-7.930673244773661,0 111.149101240131,-7.93056149681486,0 111.149147012026,-7.930430854099811,0 111.149223323998,-7.93022917033919,0 111.149375897581,-7.92992063812616,0 111.149459850193,-7.92970701136872,0 111.149490339908,-7.92929167566947,0 111.149513238446,-7.92907807139502,0 111.149696326925,-7.92885252412394,0 111.149780255256,-7.9286980376835,0 111.149871823327,-7.92840142688358,0 111.149887081225,-7.92821163935486,0 111.149848925688,-7.92789121090984,0 111.149871823327,-7.92755886105181,0 111.149971009556,-7.927321392367539,0 111.150039679089,-7.92715547104739,0 111.150222767568,-7.92696519878411,0 111.150299056158,-7.92685839889517,0 111.150489808659,-7.92681117459524,0 111.150825495002,-7.92675159630831,0 111.151039123558,-7.92664477033909,0 111.151206955038,-7.926431142682281,0 111.151359552902,-7.92611071513662,0 111.151481611588,-7.9260391893563,0 111.151733371399,-7.92600391165039,0 111.151969897594,-7.92599196685502,0 111.152114853918,-7.925813642085129,0 111.152290326938,-7.92551705286892,0 111.152458158418,-7.92537446355985,0 111.152610779665,-7.92526766277164,0 111.152671810357,-7.92516083770169,0 111.152732814969,-7.924935288631869,0 111.152717582252,-7.92455573965483,0 111.152717582252,-7.92428251032882,0 111.152809140431,-7.9242705889158,0 111.153007497599,-7.924484216572519,0 111.15309142503,-7.92453189862745,0 111.153198224919,-7.92450805670062,0 111.153221125256,-7.92431827097064,0 111.153243998613,-7.92410464331383,0 111.153289795689,-7.92390293527139,0 111.153350824582,-7.923819515957089,0 111.153457627169,-7.92379565064798,0 111.153625482031,-7.923819515957089,0 111.153770440155,-7.923902476617211,0 111.153923012838,-7.92408031755181,0 111.154045097604,-7.92424674788825,0 111.1540908686,-7.92443653361832,0 111.154197671187,-7.9246262968653,0 111.154327372311,-7.92463824166067,0 111.154388424587,-7.924554772883631,0 111.154457071638,-7.924412692590849,0 111.154457071638,-7.92413946056682,0 111.154479970176,-7.923807572060991,0 111.154495227174,-7.923582047272899,0 111.154563896708,-7.92345137937684,0 111.154685979675,-7.9232615927475,0 111.154804207249,-7.9230417876476,0 111.154861452695,-7.92263265457254,0 111.154888134681,-7.922472198432429,0 111.155067439712,-7.92244238500728,0 111.155319198623,-7.92237134486089,0 111.155494669844,-7.92229982177859,0 111.155746453937,-7.922264059338109,0 111.155837998626,-7.922323662805959,0 111.155891411161,-7.92243048877519,0 111.155876155062,-7.92257256906796,0 111.155769328193,-7.92273899670657,0 111.155555699637,-7.92311854568353,0 111.155517570181,-7.923356016166361,0 111.15553282628,-7.923486683163139,0 111.155685424144,-7.92359348395135,0 111.155830357086,-7.92364070555336,0 111.156021111386,-7.92364070555336,0 111.156188967148,-7.92359300101535,0 111.156305754908,-7.923538622608501,0 111.156463624598,-7.923391293872359,0 111.15661619818,-7.92310662606908,0 111.156761155404,-7.92279765768495,0 111.156845083735,-7.922358964793609,0 111.156951885422,-7.922133394139981,0 111.157112123926,-7.92204997212766,0 111.157234184411,-7.92202658975456,0 111.157546995598,-7.922061868359749,0 111.157928455635,-7.922132931888499,0 111.15816498093,-7.92212101227405,0 111.158447255637,-7.92207332931993,0 111.158584597402,-7.92207332931993,0 111.15869901365,-7.92215629087933,0 111.158737170085,-7.92225119543555,0 111.158775325622,-7.92244095778316,0 111.158721912188,-7.922737571281099,0 111.158737170085,-7.92290397643653,0 111.158805817136,-7.92303464343322,0 111.158935539844,-7.923105681781051,0 111.159179658116,-7.92311711935878,0 111.159484855643,-7.92304608011167,0 111.159881570879,-7.92283245065621,0 111.160140994712,-7.9226779444308,0 111.16022489966,-7.92245241874334,0 111.160316468631,-7.9222387919859,0 111.160392755422,-7.92212006888522,0 111.160499556211,-7.92210814927086,0 111.160644514334,-7.92213196601659,0 111.160972585218,-7.92229791071919,0 111.16114044008,-7.922428577715879,0 111.161270141205,-7.92259452331776,0 111.16140745599,-7.92278428566546,0 111.161567671112,-7.92295023036806,0 111.161666857341,-7.92299791332227,0 111.16194915543,-7.9230451124412,0 111.162277201133,-7.9230451124412,0 111.162513726428,-7.923033215309829,0 111.162681557909,-7.92298550987263,0 111.162750228341,-7.92291446972624,0 111.162834156672,-7.92268894493806,0 111.162956216257,-7.922475292999611,0 111.163097363953,-7.92241571471268,0 111.163253771346,-7.92246291293233,0 111.163322440879,-7.92259355474791,0 111.163444499565,-7.922831024331549,0 111.163558967074,-7.923032732373911,0 111.163642871123,-7.923115693034031,0 111.163803085345,-7.92323444041627,0 111.163932785571,-7.92335267788293,0 111.164062484897,-7.92353100265282,0 111.164230317276,-7.923744171655439,0 111.164337144145,-7.923874814370399,0 111.164535513005,-7.92401691894482,0 111.164638684129,-7.92401691894482,0 111.164749141561,-7.92401691894482,0 111.164871200247,-7.92399307791745,0 111.165054313007,-7.92381521180174,0 111.165184013233,-7.923637345686129,0 111.165359486252,-7.92351862258553,0 111.165611267647,-7.92335219494702,0 111.16584776956,-7.923304536274539,0 111.166053756577,-7.92331643340591,0 111.166336055566,-7.923339814879741,0 111.166625970014,-7.923375576420931,0 111.167030304306,-7.92339939406603,0 111.167241567645,-7.92351226168075,0 111.167304959957,-7.92338415865115,0 111.167541486152,-7.922870124156089,0 111.168289171709,-7.92219444641575,0 111.168418871035,-7.9220909569313,0 111.168792714713,-7.92161173878996,0 111.168937671038,-7.92146535434184,0 111.169342029612,-7.92133613885091,0 111.169479346196,-7.92134138639509,0 111.169937140687,-7.92159459591306,0 111.170783987292,-7.92194459676492,0 111.171279886958,-7.92211815872528,0 111.171386712928,-7.922109090861039,0 111.17153931259,-7.921752417039629,0 111.171636923207,-7.92168770812043,0 111.171737658067,-7.92167658890261,0 111.172363284039,-7.921639883972669,0 111.172660813946,-7.921642735722891,0 111.172828647225,-7.92165180358704,0 111.173477146554,-7.92115875567121,0 111.173614488319,-7.92107291807995,0 111.173706031209,-7.92111917381004,0 111.17379760018,-7.92119309088766,0 111.174049359092,-7.921199280921299,0 111.17478178765,-7.92123409997294,0 111.175140371632,-7.92124411032664,0 111.175346360447,-7.921272232127001,0 111.175445543978,-7.921395741419569,0 111.175537112948,-7.921429591901359,0 111.176116940945,-7.92147393837079,0 111.176498400982,-7.921494926748671,0 111.176864627402,-7.921617469269961,0 111.177062972879,-7.92167658890261,0 111.177352889126,-7.92169184590112,0 111.177970873558,-7.921840164790999,0 111.17814634388,-7.92188117297692,0 111.178619372887,-7.92180916605933,0 111.178928353861,-7.92180249129113,0 111.179107657993,-7.92176815697405,0 111.179283130113,-7.92168517293157,0 111.179534914206,-7.9215426088036,0 111.179832470193,-7.92131706063306,0 111.180038456311,-7.92107959194879,0 111.180274958224,-7.9208540671607,0 111.180435174245,-7.920710052426161,0 111.180618286106,-7.92065044985759,0 111.180908199655,-7.920497368158271,0 111.181198115002,-7.920388171576101,0 111.181335455868,-7.92029375085517,0 111.181442257555,-7.92019171287639,0 111.181556675601,-7.919970467961911,0 111.181709298646,-7.91980882741465,0 111.181831333051,-7.91964621739827,0 111.181877105845,-7.919536538779459,0 111.181915285663,-7.91941020111912,0 111.182098374142,-7.91921040233743,0 111.182243331366,-7.919059230798049,0 111.182365415233,-7.91895385543531,0 111.182709801617,-7.918767359425289,0 111.182929962849,-7.918752633026789,0 111.183242776734,-7.918823672273809,0 111.183748464621,-7.91903680530352,0 111.184204088149,-7.91929812670635,0 111.18463132008,-7.919558977763819,0 111.185234072695,-7.91994996341931,0 111.185539244142,-7.920163615357769,0 111.186103792657,-7.92061420538048,0 111.186805706319,-7.921207381114969,0 111.187339786703,-7.921729058048799,0 111.187843305425,-7.922179670554601,0 111.188224763663,-7.92259498197203,0 111.188568114928,-7.92311711935878,0 111.188781719202,-7.923543890837109,0 111.189140304083,-7.92436263992315,0 111.18943021943,-7.92502685670322,0 111.189491679099,-7.925187174347801,0 111.189689618982,-7.92570350211412,0 111.189857473844,-7.926130249310721,0 111.190025306224,-7.92658134475244,0 111.190216059624,-7.92707964201109,0 111.190452560638,-7.92776769981871,0 111.190628033658,-7.928277914893079,0 111.190834044956,-7.92877623463473,0 111.191042354922,-7.92917591043909,0 111.191314690322,-7.9297017620259,0 111.191665633663,-7.93027112191393,0 111.191909776216,-7.93065067089098,0 111.192184431867,-7.931077901922871,0 111.192512501852,-7.931647261810901,0 111.192750636933,-7.93204009557313,0 111.19305417701,-7.93257232874915,0 111.193229650029,-7.932928544815661,0 111.193420404329,-7.9334387607894,0 111.193481433223,-7.93388934991275,0 111.193481433223,-7.934197858743409,0 111.193397504892,-7.93457791583738,0 111.193267805566,-7.93487450415431,0 111.193077077346,-7.93523069503981,0 111.192909244067,-7.93549152181545,0 111.192741390104,-7.93581243499504,0 111.192565916185,-7.936132888621071,0 111.19232938999,-7.93654819913931,0 111.192123402974,-7.93696353393911,0 111.192008962445,-7.93736692394353,0 111.191925033215,-7.93781802028461,0 111.19187162068,-7.938281038937989,0 111.191902135576,-7.93867250842877,0 111.191948390407,-7.938969871961229,0 111.192031859184,-7.939111200420741,0 111.192184431867,-7.93928952609,0 111.192398062222,-7.93939586732457,0 111.192802418098,-7.9394788531657,0 111.193344093256,-7.93953794671807,0 111.193969718329,-7.93957325140364,0 111.194557187865,-7.93957325140364,0 111.195793135146,-7.93972679175723,0 111.196334831888,-7.93977399087615,0 111.197273246564,-7.93983265005598,0 111.197975135945,-7.939867928661171,0 111.198608402557,-7.939867928661171,0 111.199180591712,-7.939820269988691,0 111.19992063573,-7.93972487979855,0 111.200584417238,-7.93955847644177,0 111.201087935061,-7.93941588893134,0 111.202011091839,-7.939213721335349,0 111.202812189932,-7.93902345177009,0 111.203613264641,-7.93890424483421,0 111.204421979092,-7.93873784057806,0 111.205060266619,-7.93862102314091,0 111.205268849079,-7.93858284781934,0 111.206192005857,-7.93836876240763,0 111.206848123343,-7.93819043583919,0 111.207550035207,-7.93801208678757,0 111.208579993673,-7.9377746181033,0 111.209180693136,-7.937617923827339,0 111.209754912061,-7.93744132485652,0 111.21030422606,-7.937263458740821,0 111.210838308242,-7.937085108789921,0 111.211296077553,-7.93689486260702,0 111.211624123256,-7.93669315456467,0 111.212173438155,-7.936277362009791,0 111.212554897292,-7.93594498787011,0 111.212829555641,-7.935731383595671,0 111.213025026885,-7.935457962713999,0 111.213104235573,-7.935303644446859,0 111.213195782061,-7.93491217495608,0 111.213249194596,-7.934508759770639,0 111.213317864129,-7.93387982069631,0 111.213363636024,-7.93354747173764,0 111.213439923715,-7.93313213693776,0 111.213523851146,-7.932740644064711,0 111.213577240298,-7.932372530866829,0 111.213661192011,-7.93192143542511,0 111.213745095161,-7.931482741634399,0 111.213829022592,-7.931066949079611,0 111.213912950923,-7.9306282552889,0 111.214073166045,-7.93004175342342,0 111.214111320682,-7.929937319650769,0 111.21419522563,-7.9297919037725,0 111.2143020516,-7.929580670111001,0 111.214431750926,-7.92924304842715,0 111.214332565596,-7.92906663291792,0 111.214263896063,-7.92890545102494,0 111.214271536703,-7.92859885055574,0 111.2143020516,-7.92851204709248,0 111.214340207136,-7.92835710379651,0 111.214370721133,-7.928139629739259,0 111.214370721133,-7.92803522294636,0 111.214500397077,-7.92807768263812,0 111.214599582406,-7.92803759176066,0 111.214797952165,-7.92785926789006,0 111.214836108601,-7.927757229012089,0 111.214874238956,-7.927620371981759,0 111.214942911187,-7.92741150803384,0 111.214981064925,-7.927211711050801,0 111.215003939182,-7.92694994088623,0 111.215057376897,-7.92681833140008,0 111.215118404892,-7.92674155987432,0 111.215270981172,-7.92662426489712,0 111.215362550143,-7.926576122389361,0 111.215606690897,-7.926399175380849,0 111.21574400838,-7.92627189343231,0 111.215850810068,-7.9261774718121,0 111.215957636037,-7.926115959083501,0 111.21628187401,-7.92602796941444,0 111.216499006325,-7.92598774993389,0 111.216629009622,-7.9260382450681,0 111.216850255436,-7.92611738540816,0 111.217292766849,-7.92629522814141,0 111.217651352629,-7.92646117194473,0 111.218093864941,-7.926674314866979,0 111.21846006618,-7.92688796770471,0 111.219024638977,-7.927184048803991,0 111.219596850615,-7.92746874088883,0 111.22000120919,-7.92765850233716,0 111.220542883448,-7.92793079097245,0 111.221008294298,-7.92819161684881,0 111.221382136178,-7.928429086432359,0 111.221870397002,-7.92871327129965,0 111.222419711901,-7.929057082117859,0 111.222862225113,-7.929353670434791,0 111.223312378964,-7.92969748035364,0 111.223762509433,-7.9301480685777,0 111.224082937878,-7.93046852400239,0 111.224388110224,-7.93072935077812,0 111.2246017127,-7.93097828042248,0 111.224906910227,-7.9312748435584,0 111.225196824675,-7.93160721769808,0 111.225479097583,-7.931939086418849,0 111.225669851883,-7.932176555103121,0 111.225830067005,-7.932294792569781,0 111.226112365095,-7.93250842112596,0 111.226409895901,-7.93271012736967,0 111.226563342725,-7.932820055999959,0 111.226707451888,-7.932923297271581,0 111.227005006977,-7.93320796507468,0 111.227172840255,-7.93344540767866,0 111.227401700629,-7.933801140809171,0 111.227600070388,-7.93429943626918,0 111.227851853581,-7.93480965314219,0 111.228019709343,-7.93528410667537,0 111.22816309725,-7.9356010673346,0 111.22830962469,-7.935936428122801,0 111.228462221655,-7.936256832286179,0 111.228668209571,-7.93657728591222,0 111.228973381018,-7.937015955421201,0 111.229270912724,-7.93733640904723,0 111.229583725709,-7.93756147338249,0 111.230010981023,-7.93782230015823,0 111.230415338698,-7.93815467429799,0 111.230689996147,-7.93843931781946,0 111.230895982265,-7.938676326950181,0 111.231170640614,-7.93900867680812,0 111.231430040165,-7.939352463344689,0 111.23165892572,-7.939601368707421,0 111.231836375449,-7.93982960764947,0 111.23217770234,-7.940289451696049,0 111.232482897169,-7.94070478559656,0 111.23274229762,-7.941072415858529,0 111.233024572327,-7.94139238564928,0 111.233467082841,-7.9418906811092,0 111.233718866933,-7.94216342839875,0 111.234123200327,-7.9426378828312,0 111.234420757213,-7.94299361506252,0 111.234779364577,-7.94347999000871,0 111.235015867389,-7.94376463263089,0 111.235412584424,-7.944215246035971,0 111.235733037151,-7.94460673980839,0 111.236053442214,-7.94489140671222,0 111.236602757113,-7.9452590585579,0 111.236984239632,-7.94550796571927,0 111.237495399894,-7.94583983264139,0 111.238105767968,-7.946171722945869,0 111.238609310073,-7.9464325497216,0 111.239105212437,-7.94674105855226,0 111.23952482711,-7.94697804340116,0 111.239868154992,-7.94715593379851,0 111.240241996872,-7.947318979086801,0 111.240730281978,-7.94738859200916,0 111.241146066439,-7.94741197258371,0 111.242263785247,-7.94759126592344,0 111.242469771364,-7.94762081314926,0 111.242729196097,-7.947915515587799,0 111.242889385138,-7.948103851610669,0 111.243087754897,-7.94806666284544,0 111.243644699644,-7.948020177788219,0 111.243755321652,-7.9480912296257,0 111.243873572608,-7.94818158900834,0 111.24450683922,-7.948162509891121,0 111.244712827136,-7.94817012804816,0 111.24494932815,-7.94828650391826,0 111.245346045185,-7.948563531980611,0 111.246276842603,-7.94875568742426,0 111.246368388192,-7.948777642573331,0 111.246650686281,-7.94870611859166,0 111.247009270263,-7.94865843743611,0 111.247344958404,-7.94864649174136,0 111.247604357057,-7.94863459640864,0 111.248008714731,-7.9486341107748,0 111.248344401074,-7.94865795360091,0 111.248649574319,-7.94869325468919,0 111.24892422997,-7.94872853329438,0 111.24927517511,-7.94875235093948,0 111.249999986411,-7.94878953880542,0 111.250663743638,-7.94875904909005,0 111.251823403228,-7.94875856435548,0 111.252616857983,-7.948789080151151,0 111.253723130219,-7.94880482098486,0 111.254463174237,-7.94886251429276,0 111.25543974445,-7.948900668929901,0 111.256454470199,-7.94891972196674,0 111.25715635868,-7.948880164387311,0 111.257797218268,-7.94874425074581,0 111.258537285668,-7.94849106371083,0 111.259437545707,-7.94808288571578,0 111.260192847623,-7.94773288576329,0 111.260955812662,-7.94730562865102,0 111.261672959041,-7.94687791468322,0 111.262336717167,-7.946450682752061,0 111.263000474393,-7.946120218772229,0 111.263603202727,-7.945886571307391,0 111.26428983331,-7.94575019811234,0 111.2651061893,-7.94563336089014,0 111.265731814373,-7.94553608572097,0 111.266609174974,-7.94530243735685,0 111.267349218992,-7.94503017390258,0 111.268165574982,-7.94462199590762,0 111.268611135097,-7.9443457097859,0 111.268959033334,-7.9439639700603,0 111.269203174088,-7.94369073893564,0 111.269302361216,-7.943658313879309,0 111.269378647108,-7.94356294887017,0 111.269386286849,-7.94341417132611,0 111.269439676001,-7.94328875097423,0 111.269859314957,-7.942747536269,0 111.26999663244,-7.94260068057615,0 111.270141589664,-7.942677440410731,0 111.270286545988,-7.942592109137751,0 111.270488725275,-7.94237253156624,0 111.270599359874,-7.942105021029051,0 111.27072141856,-7.94196841760759,0 111.270866376683,-7.94189974627542,0 111.271072361901,-7.941761946755621,0 111.271148649592,-7.94159600205311,0 111.271392817326,-7.9412254957592,0 111.271583547344,-7.94094892904904,0 111.271621678599,-7.94081494894994,0 111.27171324667,-7.94061036397626,0 111.271903976688,-7.94045181799618,0 111.272094704908,-7.94028993463196,0 111.272544835377,-7.93983741106685,0 111.272674535602,-7.93959803132327,0 111.272781360672,-7.939372023599179,0 111.27288816236,-7.93910404091789,0 111.272918677256,-7.93897243143173,0 111.272998796958,-7.938386640030659,0 111.273063635379,-7.93793483142653,0 111.273323034931,-7.937360732111329,0 111.273544303228,-7.936779958927121,0 111.273727415989,-7.936284492734329,0 111.273735034146,-7.93618245385637,0 111.273757930885,-7.936045137272479,0 111.273803703679,-7.93586584483203,0 111.274009690696,-7.93542475884474,0 111.274032588334,-7.9351992106742,0 111.274040205592,-7.935062835680511,0 111.274002060847,-7.93473000378584,0 111.2739791749,-7.93460700081163,0 111.273925762365,-7.93430180508339,0 111.274131773664,-7.9338769428658,0 111.274330144322,-7.933388657759589,0 111.27436013941,-7.9332990798878,0 111.274467460006,-7.93296761586197,0 111.27459713595,-7.93231007295074,0 111.274642933026,-7.93147606686619,0 111.27459713595,-7.93104646612073,0 111.274490334263,-7.93061681591252,0 111.274291965403,-7.930237725589739,0 111.27406310413,-7.929707006872051,0 111.273605333021,-7.928797220314681,0 111.2734298609,-7.92821593991291,0 111.273300137293,-7.92771048674878,0 111.273170461349,-7.92700286778731,0 111.273094149377,-7.92629476588993,0 111.27307127512,-7.92576404357494,0 111.273117047914,-7.92523332485726,0 111.27324674814,-7.92465158490194,0 111.273399321722,-7.92419669072388,0 111.273704519249,-7.923690756422409,0 111.274085976588,-7.92313428381939,0 111.274536131338,-7.92250246781383,0 111.274970979628,-7.921946018593081,0 111.275398234042,-7.92149064507641,0 111.275886519149,-7.920959438926141,0 111.276466348944,-7.92040296812169,0 111.27694699341,-7.92002341914473,0 111.277427662158,-7.919694379691089,0 111.278289789144,-7.91908737328284,0 111.278961162729,-7.91854424841749,0 111.279457089374,-7.91807073737387,0 111.279693591287,-7.91775175863596,0 111.279838549411,-7.91736742166837,0 111.280090308322,-7.91673512182762,0 111.280319192078,-7.916153382771579,0 111.280548079431,-7.91552159104776,0 111.280776963187,-7.914914582840949,0 111.281105033172,-7.914257017446551,0 111.281433103156,-7.91367576042723,0 111.281791664655,-7.913144556075611,0 111.282119736438,-7.91273971366606,0 111.282630919183,-7.91223377756593,0 111.283004760163,-7.911930032444259,0 111.283372691697,-7.91164054427491,0 111.283402342345,-7.91161721586104,0 111.283921567727,-7.9107070183134,0 111.284052289582,-7.91060912980668,0 111.284269026196,-7.91031306039858,0 111.284565639694,-7.91002135540046,0 111.284683218856,-7.90987630464692,0 111.284754155581,-7.90963781073555,0 111.284800146011,-7.90948586667857,0 111.284866308235,-7.90934321531629,0 111.284912104411,-7.90909380183664,0 111.284950236565,-7.908987966020969,0 111.285091348288,-7.90874732003197,0 111.285192779224,-7.90859539665942,0 111.285383470572,-7.90840906342676,0 111.285807507212,-7.90808648740069,0 111.286659008707,-7.90758161339995,0 111.286866219701,-7.907345174439451,0 111.287193291438,-7.90703006188704,0 111.287333702589,-7.906854867657251,0 111.287536836057,-7.90665205614673,0 111.287855947895,-7.90617408896224,0 111.288146178904,-7.90556037181287,0 111.28807065204,-7.905424554398839,0 111.2879104612,-7.9051179557283,0 111.287849407125,-7.90498061486269,0 111.287727349339,-7.90465730768779,0 111.287666296164,-7.904475185980209,0 111.28762816311,-7.904328318596259,0 111.287551876319,-7.90394586840635,0 111.287536619321,-7.90357202562766,0 111.287590007574,-7.90320369569319,0 111.287666296164,-7.90291733536592,0 111.287732754264,-7.902694298102599,0 111.287849407125,-7.90245385895765,0 111.287887562662,-7.902163942710989,0 111.287887562662,-7.901731673677001,0 111.287887562662,-7.9006924153219,0 111.287948593354,-7.900570355736521,0 111.288116449116,-7.90036579594395,0 111.288215609264,-7.90026660971548,0 111.288406363564,-7.900098779134581,0 111.288539533374,-7.89995620241597,0 111.28870140145,-7.89980983685372,0 111.288787822701,-7.89959569478467,0 111.288917522027,-7.89884133715719,0 111.288963293922,-7.89873501840552,0 111.28906248015,-7.89857765773187,0 111.289146407582,-7.898453663704831,0 111.289199796734,-7.89836020975509,0 111.289291365705,-7.89813848190461,0 111.289314900064,-7.89803992070497,0 111.2893371376,-7.89782615185461,0 111.289360035238,-7.89769645162912,0 111.289314263344,-7.89753672034252,0 111.289215078014,-7.89724441189929,0 111.289298981164,-7.89691682575015,0 111.289566022255,-7.89632219761054,0 111.289665207584,-7.89614912038483,0 111.289772010171,-7.89590093897634,0 111.289772010171,-7.89561694836265,0 111.289825422706,-7.89550729402557,0 111.289916965597,-7.8953952447939,0 111.289924607136,-7.89504045595142,0 111.289955122032,-7.89460084485225,0 111.290000893927,-7.89445871599619,0 111.290466281395,-7.89417977867308,0 111.290657035695,-7.893964723792161,0 111.29070280759,-7.89379641027525,0 111.290668460682,-7.89341469573084,0 111.290718064588,-7.89306398171656,0 111.290771452841,-7.89287658908253,0 111.290809609277,-7.89269777867871,0 111.290946949243,-7.89248891473089,0 111.291091908266,-7.89236874282246,0 111.291164792023,-7.892293066670901,0 111.291267378588,-7.89200636100396,0 111.291435235249,-7.89140697095418,0 111.291501696947,-7.891003164563549,0 111.291748023054,-7.890378437913759,0 111.291946393712,-7.89004654581062,0 111.292282105236,-7.88929649233849,0 111.292304978593,-7.88918920681563,0 111.292350751387,-7.88898655628372,0 111.292449936716,-7.88866658559359,0 111.292526038247,-7.88838318133789,0 111.292579636042,-7.8881835723132,0 111.292648282194,-7.88797088804523,0 111.292747468422,-7.887800638288,0 111.292869552289,-7.88770815200883,0 111.292945838181,-7.88763948067665,0 111.293083179046,-7.887470682425279,0 111.293136591581,-7.88733527600143,0 111.293197597093,-7.887175035698531,0 111.29331968006,-7.88699385827916,0 111.293422686609,-7.88686819600959,0 111.293540950156,-7.886723480703271,0 111.293632493046,-7.88655562584064,0 111.293693522839,-7.88640972432852,0 111.293731678375,-7.886327707956521,0 111.293991077927,-7.88595147208197,0 111.294082624415,-7.88575883100448,0 111.294128419692,-7.88566585999066,0 111.294303890913,-7.88551040857768,0 111.294517495187,-7.88544173904424,0 111.294624296875,-7.885415986957379,0 111.294738752692,-7.88536544955503,0 111.294914237403,-7.885215246585591,0 111.294986714666,-7.88504047593643,0 111.295013420034,-7.884601081573851,0 111.295074427344,-7.88429351703139,0 111.295223216579,-7.88410826298516,0 111.295333850278,-7.88399264884085,0 111.295471166862,-7.88391633686865,0 111.295783979848,-7.88382527691422,0 111.29595183561,-7.88371987637038,0 111.296447737074,-7.88326258999574,0 111.296731375154,-7.88295524758582,0 111.296951280079,-7.8827371170235,0 111.297180165633,-7.88255497103427,0 111.297252632104,-7.88245100940581,0 111.297290789439,-7.88234825736542,0 111.297302248601,-7.88207766395224,0 111.297309864959,-7.881841874302301,0 111.297325097676,-7.88152261767387,0 111.297332762598,-7.88135191016166,0 111.297363279293,-7.8810639049744,0 111.297454822183,-7.8808149987124,0 111.297599756025,-7.88058372006186,0 111.297981263725,-7.880170319703651,0 111.298370339221,-7.87981267641311,0 111.29847716519,-7.87968249415098,0 111.298980707295,-7.879117461800571,0 111.29911040842,-7.87896246994122,0 111.299400297687,-7.878501386628889,0 111.299446092964,-7.87826106529512,0 111.299491864859,-7.8779611153124,0 111.299461349962,-7.87778087858384,0 111.299362167331,-7.87755675943615,0 111.299133280877,-7.87715525441066,0 111.298990240109,-7.87684257992036,0 111.298942550859,-7.87647241896612,0 111.298622099032,-7.87604042512471,0 111.298332207067,-7.87555356544387,0 111.29812622005,-7.87532325266516,0 111.29784392196,-7.875133949871089,0 111.297687516367,-7.8750218907468,0 111.297477718923,-7.8745226393075,0 111.297378536291,-7.873792605643399,0 111.297088596662,-7.873142196154649,0 111.296913125441,-7.87249132711225,0 111.296974154335,-7.87149425235705,0 111.296652768112,-7.87039922074668,0 111.296806321955,-7.8693007887995,0 111.296852119031,-7.86825320272233,0 111.296913125441,-7.86731142727972,0 111.297134392839,-7.86635775470583,0 111.297347996214,-7.86519285026901,0 111.297279350063,-7.86506505930427,0 111.297309864959,-7.86390585926715,0 111.297416666647,-7.86293550336992,0 111.297527970341,-7.862665052949011,0 111.297790509425,-7.86202712065429,0 111.29883169143,-7.86083819532561,0 111.299087508982,-7.86046595693759,0 111.299674955136,-7.85985800714051,0 111.30160134163,-7.85997637770683,0 111.301933267008,-7.8599967734315,0 111.302253720634,-7.85968536428734,0 111.302729431419,-7.859487544913481,0 111.30364226488,-7.85910795186973,0 111.305335982371,-7.85871977030035,0 111.306396455733,-7.8586678083719,0 111.307479851015,-7.85872407355632,0 111.308494553382,-7.858393634757689,0 111.309562669183,-7.85770555266834,0 111.310745224613,-7.85699602174819,0 111.311965913098,-7.85632462478083,0 111.312774628447,-7.85595508705685,0 111.313972443574,-7.85561603904816,0 111.315223670337,-7.85582299283605,0 111.316284167981,-7.85610959508101,0 111.317863442245,-7.85556456005563,0 111.318984967883,-7.85497278636424,0 111.319303370155,-7.8543720005666,0 111.318588229264,-7.852879017152101,0 111.318069430161,-7.85121912676048,0 111.318000783111,-7.850782368310799,0 111.317939729036,-7.85054250563131,0 111.317977908854,-7.85035605638611,0 111.318069430161,-7.85013195882205,0 111.318489069116,-7.84945246076165,0 111.318634025441,-7.84917492458228,0 111.318679797336,-7.84898992684284,0 111.318771342025,-7.84845250907522,0 111.318611126903,-7.84811587844421,0 111.318496684575,-7.84787507237588,0 111.318351750734,-7.847723926017601,0 111.317710868663,-7.84724947068569,0 111.317069985692,-7.84684223697885,0 111.316268910983,-7.84612032689078,0 111.315956097997,-7.84593769796564,0 111.315399141558,-7.84558291002244,0 111.315174088914,-7.84543987375037,0 111.315147384445,-7.84388203392789,0 111.314430237167,-7.84313771093585,0 111.314188548864,-7.84308031530352,0 111.313438409056,-7.84290309580045,0 111.312278751264,-7.842513996023251,0 111.310869929105,-7.84212433327052,0 111.310539237597,-7.84203286772187,0 111.308761593574,-7.84191605568059,0 111.307174656186,-7.84168477703004,0 111.305788067067,-7.841069028312161,0 111.30508422256,-7.83882279343637,0 111.304954522334,-7.83787340073601,0 111.305053708563,-7.83704705867403,0 111.305123373646,-7.83674710509401,0 111.305313082933,-7.835930295845681,0 111.305587765564,-7.83474394167878,0 111.305413633434,-7.83438247177286,0 111.30516051025,-7.83385703027695,0 111.30453490856,-7.83306497486795,0 111.304061879553,-7.83199925486095,0 111.303825379439,-7.83127971538575,0 111.304138168143,-7.83044145191067,0 111.304855337005,-7.829112970686269,0 111.3052444134,-7.827326718352581,0 111.305351432724,-7.82716069990559,0 111.306533796599,-7.82568165238548,0 111.306907639377,-7.824172934432599,0 111.306861866583,-7.82306141914835,0 111.306556695136,-7.8218812541158,0 111.305908194009,-7.820375897828621,0 111.304320590224,-7.818942785880041,0 111.303939796585,-7.81806941826821,0 111.303909281689,-7.81789109259905,0 111.303939796585,-7.8177027340931,0 111.304046599172,-7.81728026497146,0 111.304191580678,-7.8169040299962,0 111.304550141277,-7.816451989367,0 111.304672224245,-7.81629320056996,0 111.304817183267,-7.816130109416219,0 111.304985037231,-7.81577822178669,0 111.305030809126,-7.81552119194866,0 111.305015552127,-7.815130205393879,0 111.304885851902,-7.81474492683611,0 111.304710380681,-7.81441922476662,0 111.304588295914,-7.81416509704083,0 111.304397567695,-7.8138679997076,0 111.30406949771,-7.81355330174267,0 111.30372619321,-7.81330246103891,0 111.303359967689,-7.81303114097356,0 111.302810651891,-7.81268450088821,0 111.302520726651,-7.812588652043881,0 111.301788310683,-7.8123716879023,0 111.301668982339,-7.812328390042331,0 111.301551807871,-7.81228587369331,0 111.301254277064,-7.81209132335507,0 111.300865153005,-7.81166595391984,0 111.300765967676,-7.8114971547691,0 111.300704937884,-7.81120535444271,0 111.300697298143,-7.81024024608965,0 111.300697298143,-7.8099693837792,0 111.300636269249,-7.80962750830203,0 111.300576437354,-7.80910626394209,0 111.300468435971,-7.80888219335778,0 111.300209036419,-7.80850931555164,0 111.300074805409,-7.80820686815162,0 111.299839999617,-7.808170000444341,0 111.300062393865,-7.80817049057485,0 111.300062658266,-7.80817049057485,0 111.299972510224,-7.80790704857064,0 111.299842809999,-7.8076714900464,0 111.299591051087,-7.807283357939851,0 111.299453735403,-7.80705875315815,0 111.299434644594,-7.80695029402003,0 111.299369781891,-7.80605026510686,0 111.299285879641,-7.80547519902037,0 111.299247723205,-7.80512282665628,0 111.299186694311,-7.80481240766568,0 111.299171436414,-7.804584466399199,0 111.299102765981,-7.80393311442089,0 111.298851007069,-7.80221362235998,0 111.29883413219,-7.80204503544923,0 111.298805235174,-7.80175633508597,0 111.2987441811,-7.8014983618591,0 111.298606865416,-7.80125184869305,0 111.298530577725,-7.80116127077517,0 111.298446625113,-7.801118329046861,0 111.297561623871,-7.80093427289761,0 111.296714778166,-7.80076310493247,0 111.296318036849,-7.80054469108378,0 111.295928937072,-7.80023378735861,0 111.295707693057,-7.799871889375391,0 111.295486448142,-7.799291574845449,0 111.295062583273,-7.79839680336898,0 111.294609064158,-7.79780239556325,0 111.293334937958,-7.79662511015986,0 111.292610150939,-7.796053380558241,0 111.291809077128,-7.79544777529382,0 111.290916435246,-7.79475065142061,0 111.290672269311,-7.79455515769363,0 111.290229778582,-7.794326730793121,0 111.289909349238,-7.7941317218007,0 111.289924607136,-7.79401297531774,0 111.289222694373,-7.7937092292967,0 111.289123509044,-7.793676805139649,0 111.288856493134,-7.79377360906399,0 111.288764949344,-7.793845144736841,0 111.288627630961,-7.79402204228261,0 111.288551308197,-7.79421014897834,0 111.288284279697,-7.79372927428583,0 111.288169837369,-7.79351086043705,0 111.288047778683,-7.79339595765651,0 111.287948593354,-7.79336162244006,0 111.287795993691,-7.793423136068031,0 111.287460307348,-7.79369351364392,0 111.287338248662,-7.79375551110708,0 111.286613461643,-7.79390377873557,0 111.285964962314,-7.79410691400213,0 111.285728461301,-7.79417178659787,0 111.285598735894,-7.79415268589694,0 111.285446137131,-7.79401916535138,0 111.285377490979,-7.79363008985601,0 111.285118091428,-7.79316421855305,0 111.285057063434,-7.79305217112003,0 111.285118091428,-7.792784647992381,0 111.285156246964,-7.79255290798946,0 111.285102834429,-7.7923421338816,0 111.284988391202,-7.79220147991357,0 111.284843433978,-7.7921332951147,0 111.28447723094,-7.79214045102017,0 111.284294119079,-7.79214473089387,0 111.284172036112,-7.79209228513005,0 111.284103389961,-7.79177279737584,0 111.283996563991,-7.79159923541557,0 111.28375244572,-7.791338410438491,0 111.283790576975,-7.79078193783538,0 111.283790576975,-7.790527784928569,0 111.283706650443,-7.79041430937206,0 111.283378602941,-7.79027793527764,0 111.283164951003,-7.79018970369107,0 111.282875036555,-7.78993985493961,0 111.282768233968,-7.7897815265954,0 111.282722462073,-7.78949734172811,0 111.282752976969,-7.78931422896769,0 111.282913192091,-7.78909155772838,0 111.283279419411,-7.788716287725749,0 111.283435800723,-7.78841063244395,0 111.283287033971,-7.788321917921381,0 111.282638534642,-7.78850505496353,0 111.282371493551,-7.78862089933416,0 111.282226560608,-7.78873343330049,0 111.282134993436,-7.78889127780942,0 111.282066322104,-7.78909583760199,0 111.281860335087,-7.78930470244927,0 111.281776407656,-7.78934474296471,0 111.281593293996,-7.78919930190542,0 111.281463618053,-7.78907390673456,0 111.281341535085,-7.78902716806855,0 111.28112793171,-7.789082033008609,0 111.280967692306,-7.78914352055628,0 111.280837992081,-7.78913587991608,0 111.280710245183,-7.789051605346531,0 111.280708291855,-7.788888883814101,0 111.280769323447,-7.788777318417721,0 111.280944792869,-7.788744410425381,0 111.281196576962,-7.7887568147744,0 111.281333918726,-7.78872008466336,0 111.281593293996,-7.78817650114383,0 111.281837461731,-7.78769061003284,0 111.281888130434,-7.78759078258777,0 111.283332805865,-7.787148427657041,0 111.283523535884,-7.78666016683238,0 111.283615104854,-7.785787060923299,0 111.28292844909,-7.78420516513543,0 111.282989478882,-7.7838711344445,0 111.282920809349,-7.783730481375839,0 111.282897934193,-7.78360266702864,0 111.282958963986,-7.78343626187321,0 111.283134460388,-7.7829608397701,0 111.283195465899,-7.78255933744263,0 111.283195465899,-7.78243490814368,0 111.283065778264,-7.782294711930641,0 111.283065789955,-7.78217739357108,0 111.283149693105,-7.782047210409671,0 111.283248880233,-7.781903219956861,0 111.283744779899,-7.78012223944899,0 111.284316994235,-7.77896685883266,0 111.284523799635,-7.77814943085073,0 111.284629807221,-7.77773043041425,0 111.285354617623,-7.77699512492425,0 111.286163308691,-7.77595991891435,0 111.286514276314,-7.774809786741479,0 111.286910993349,-7.77388426114887,0 111.287185649899,-7.77256772292127,0 111.287864665023,-7.77016205893104,0 111.288505547994,-7.76903625162091,0 111.288663191954,-7.76871926488138,0 111.289573638614,-7.766888561756911,0 111.290733321587,-7.76530452378394,0 111.291793794949,-7.76382586207309,0 111.292816137955,-7.76216120977122,0 111.293556207154,-7.76066777399777,0 111.293717336887,-7.759027899816969,0 111.293731578551,-7.75892021769304,0 111.293533308616,-7.757160143724871,0 111.292854292593,-7.75706287035436,0 111.292289720695,-7.756932709676031,0 111.292098968194,-7.75685306211833,0 111.291870106921,-7.75675721327391,0 111.291656479264,-7.75661559343415,0 111.291267378588,-7.7561645213748,0 111.291191092696,-7.75603861628835,0 111.291122422263,-7.7557563415811,0 111.291061391571,-7.75536629931444,0 111.290962207141,-7.755057789584501,0 111.290718064588,-7.75493570841541,0 111.290267935018,-7.75485178008481,0 111.28952025036,-7.75483652308631,0 111.288671200417,-7.75483955290226,0 111.288551319889,-7.754839375735801,0 111.288337692232,-7.75484271311986,0 111.288131706114,-7.75491853855894,0 111.287795993691,-7.75507684442007,0 111.28710174585,-7.755299056105751,0 111.28662872044,-7.75540682366516,0 111.28646086288,-7.75549503276873,0 111.286071764002,-7.75554987342715,0 111.285888650342,-7.75546451787234,0 111.285629275072,-7.75532001930261,0 111.285327900563,-7.75492806687601,0 111.285202018859,-7.7546739139692,0 111.28517148058,-7.75457187599051,0 111.285133337634,-7.754427390011241,0 111.285137157055,-7.75398250708625,0 111.285129528106,-7.753842554589461,0 111.285362233981,-7.753503759290269,0 111.285594927265,-7.75319238611893,0 111.285667407226,-7.75306124787751,0 111.285797105653,-7.75291629065351,0 111.286056507003,-7.752763234135119,0 111.286209103968,-7.75265783269199,0 111.28627010858,-7.75258918833956,0 111.286279170149,-7.752466770823971,0 111.286285391659,-7.75228447374867,0 111.286376960629,-7.75187774815875,0 111.286537149671,-7.75178190111299,0 111.286727903971,-7.7516484030506,0 111.287139878004,-7.75134035377349,0 111.28727721887,-7.751226853935341,0 111.287811275871,-7.7506808764205,0 111.287864665023,-7.75059029940199,0 111.288032519886,-7.7503909619725,0 111.288261405441,-7.75034327901829,0 111.288452134559,-7.75037807378829,0 111.288612350581,-7.75035186304724,0 111.288871750132,-7.75021406172871,0 111.289062491842,-7.75003046603238,0 111.289100611405,-7.74717757458458,0 111.289848296063,-7.74443288686748,0 111.290099107988,-7.742875476021591,0 111.28989409224,-7.742770652842569,0 111.28979490691,-7.74270389167051,0 111.289642309046,-7.742616143919131,0 111.289489734565,-7.74259467170597,0 111.289398165594,-7.7426376161323,0 111.289356228408,-7.74277516204331,0 111.289276106908,-7.742847398288031,0 111.289184563118,-7.74278017936099,0 111.289058658931,-7.74269863243515,0 111.288955676664,-7.74276252656851,0 111.288864108593,-7.7428746009812,0 111.288787822701,-7.74296566183499,0 111.288692455893,-7.743070082117809,0 111.288459776099,-7.743129696377559,0 111.288093550578,-7.74303479092206,0 111.28771781023,-7.74303275935355,0 111.287269578229,-7.74311013612308,0 111.287105555378,-7.74307843502098,0 111.286979662882,-7.74303527475735,0 111.2868270893,-7.742975212635139,0 111.286727892279,-7.742887936128579,0 111.286605821003,-7.742776842876209,0 111.286468480137,-7.742647371977851,0 111.286346420552,-7.74254080141605,0 111.286235785954,-7.74244042988115,0 111.286117547588,-7.74228473655056,0 111.286071764002,-7.74217554176704,0 111.286048864565,-7.74205776205528,0 111.286018350567,-7.74186560571235,0 111.285980219313,-7.74168679710718,0 111.285926805878,-7.74157232959856,0 111.285888650342,-7.74148603155429,0 111.285858135446,-7.74131484110616,0 111.285858135446,-7.74100824243562,0 111.285858667844,-7.740840651973759,0 111.285864069172,-7.7407277420908,0 111.285853812405,-7.740609576569881,0 111.285736077659,-7.74052162467247,0 111.285568220998,-7.74042555909147,0 111.285289754919,-7.74040337461526,0 111.28509519289,-7.740453911118331,0 111.284835793338,-7.740490408304839,0 111.28473663319,-7.74026865707209,0 111.284683218856,-7.74014038407071,0 111.284591651684,-7.7399177128314,0 111.284522980352,-7.7397517681288,0 111.284446692662,-7.73960777677662,0 111.284355148872,-7.73950573879802,0 111.284263604183,-7.739403700819341,0 111.284133903957,-7.73924585541104,0 111.283958431837,-7.73901554443106,0 111.283882121664,-7.73892257341724,0 111.283699008004,-7.73869557284157,0 111.283622722112,-7.738607388919001,0 111.283546434421,-7.73851724807177,0 111.283401477197,-7.73837993238717,0 111.283302291868,-7.73829455165145,0 111.283008569691,-7.738125283054531,0 111.282653793439,-7.73807093792267,0 111.282249433965,-7.73801561612699,0 111.281906131264,-7.73794931540777,0 111.281692479326,-7.7378935574409,0 111.281555161842,-7.737856829128509,0 111.281311020188,-7.73779437211179,0 111.281158446606,-7.73777050500404,0 111.280990589945,-7.73781105543505,0 111.280715933395,-7.73789831935114,0 111.280517563636,-7.73788543206622,0 111.280380246153,-7.73777147177523,0 111.280258163185,-7.737697555596899,0 111.279968246938,-7.73752256731179,0 111.279663076391,-7.73736092496589,0 111.279212945922,-7.73715063469322,0 111.278964971357,-7.73701853957314,0 111.278850543419,-7.736882408295691,0 111.278800949405,-7.73669574141453,0 111.278785692407,-7.73647161956874,0 111.278747535072,-7.73631568611921,0 111.278678888921,-7.73614928096369,0 111.278602603029,-7.736044365154491,0 111.278488136419,-7.735909417384911,0 111.27840423237,-7.73586412842602,0 111.278121934281,-7.73572964200855,0 111.277908305725,-7.73567100531181,0 111.277732835403,-7.73562474868243,0 111.277641288915,-7.73560233577837,0 111.277542103586,-7.73561759277688,0 111.277427661259,-7.735740159579889,0 111.277358991725,-7.735813109886309,0 111.277259806396,-7.7359227894044,0 111.277076693636,-7.736044823808759,0 111.276943197372,-7.736051992304781,0 111.276832573565,-7.736032443741481,0 111.276657790326,-7.73594697397288,0 111.276519762378,-7.735877959999061,0 111.276382444895,-7.735811199726279,0 111.276016219374,-7.73562569297055,0 111.275886519149,-7.735558474043591,0 111.27577207772,-7.73551603773419,0 111.275398234042,-7.73543114173303,0 111.275230402562,-7.735393012276899,0 111.275131218132,-7.735370596674909,0 111.275016774905,-7.73529237634132,0 111.274879458321,-7.73515077988383,0 111.274745936877,-7.73501797160132,0 111.274635316668,-7.73494953139493,0 111.274543745898,-7.73491376985382,0 111.274055485973,-7.73505684209881,0 111.27387029398,-7.73510246380691,0 111.273101790017,-7.73530050081663,0 111.272610463403,-7.73554519465418,0 111.272132861344,-7.735783055442849,0 111.271667473876,-7.73629138463891,0 111.271285989558,-7.73685259576982,0 111.271257495438,-7.73708972271172,0 111.271186805128,-7.73767799444305,0 111.271163930872,-7.73812099059046,0 111.271606444083,-7.73864361181249,0 111.272132861344,-7.73892445839626,0 111.272407517894,-7.73918431840079,0 111.272537218119,-7.73933930936086,0 111.27269743414,-7.73955484807698,0 111.272781360672,-7.73972649987722,0 111.27288816236,-7.73993391411802,0 111.272987347689,-7.74011559965442,0 111.27307891666,-7.740295375930061,0 111.273185718347,-7.740525203974211,0 111.273216233244,-7.74080319880777,0 111.273208615986,-7.74096771628625,0 111.273200975346,-7.741086439386929,0 111.27305981416,-7.74108000743561,0 111.272663110615,-7.74091477589533,0 111.272529599962,-7.74071832798762,0 111.272430417331,-7.74054807912976,0 111.272315974104,-7.74038169735669,0 111.27216337624,-7.74025316984708,0 111.271835305356,-7.73999733700665,0 111.271545390009,-7.739952992335959,0 111.271453846219,-7.73993775782045,0 111.271247846612,-7.739891490399169,0 111.270744316198,-7.73977275470803,0 111.270042404335,-7.740695912385619,0 111.269355771952,-7.74122329641718,0 111.268409716636,-7.74161861140894,0 111.267120335236,-7.74142023985136,0 111.266502349005,-7.74156183630894,0 111.266425169187,-7.741694721933041,0 111.266250590094,-7.74199530593775,0 111.266403187958,-7.742111152107119,0 111.266540505441,-7.74228853258889,0 111.266769390096,-7.742737261014951,0 111.266910539591,-7.74300427782433,0 111.267021149008,-7.743288969909169,0 111.266895293384,-7.74333567170307,0 111.266670203868,-7.74344679103573,0 111.26656340308,-7.74353453878711,0 111.266464216851,-7.74356551233777,0 111.266311643269,-7.74359796167583,0 111.266059860076,-7.743647046673049,0 111.265937802289,-7.74366518240144,0 111.265800461423,-7.74370046010735,0 111.265632629044,-7.74368329294881,0 111.265575028366,-7.74381609943266,0 111.265335073056,-7.744122468776071,0 111.265235888626,-7.74416633141031,0 111.265125266619,-7.74420472886432,0 111.264831530951,-7.7442121257882,0 111.264694190086,-7.74418874431428,0 111.264297473051,-7.74405140434804,0 111.264007558603,-7.74391266143941,0 111.263786314588,-7.7438821474423,0 111.263648974621,-7.74387404634935,0 111.263252244996,-7.743941979338011,0 111.263122533979,-7.743973690332729,0 111.262840259272,-7.74399465442896,0 111.262702942688,-7.743989891619349,0 111.262428272648,-7.7440209020422,0 111.262252813118,-7.7440561914393,0 111.262145988048,-7.744077179817179,0 111.261672959041,-7.74422308043001,0 111.261375403953,-7.74426360568001,0 111.261146518398,-7.74424215864795,0 111.26103971761,-7.744207823431499,0 111.260810831156,-7.74410435912807,0 111.260635359036,-7.74401803680216,0 111.260475143914,-7.7439369854027,0 111.260253899899,-7.74436516072279,0 111.259841901583,-7.74509330940787,0 111.259880058019,-7.745523417371071,0 111.259895315018,-7.74566170072606,0 111.259941086913,-7.745810962105401,0 111.260063171679,-7.74609990978221,0 111.260131842112,-7.74621290240272,0 111.260124176291,-7.74640174384458,0 111.260063158189,-7.74647638757444,0 111.259963984551,-7.74656101737618,0 111.259811386687,-7.746648283090929,0 111.259628299108,-7.74679084542034,0 111.259519383114,-7.74680722387351,0 111.259386996614,-7.7468229098486,0 111.259086600567,-7.746862828056281,0 111.258758530583,-7.746837101150521,0 111.258636470997,-7.74682803328628,0 111.258140545251,-7.74678987774986,0 111.25797268859,-7.74677749678321,0 111.257720930578,-7.74675126176052,0 111.257575973354,-7.74670931108505,0 111.257469169867,-7.746637303268099,0 111.257362345697,-7.74655959105153,0 111.257179256319,-7.74642846270255,0 111.256988502918,-7.74629636938111,0 111.25687406059,-7.74624201255798,0 111.256629943218,-7.746169038869289,0 111.25652311635,-7.74617143376379,0 111.256317130232,-7.74623722636609,0 111.256195044567,-7.74627538190251,0 111.25608062742,-7.74630113398937,0 111.255882257661,-7.74626776644349,0 111.255470259346,-7.746094179302121,0 111.255332941863,-7.74603839705352,0 111.255203243436,-7.74598737671526,0 111.254898045909,-7.74586338268812,0 111.254753112067,-7.74581142165895,0 111.254615773001,-7.74576516592886,0 111.254463174237,-7.745745629056739,0 111.254180901329,-7.74585434090436,0 111.253837573446,-7.745931593567381,0 111.253509502563,-7.746047003565559,0 111.253128018244,-7.74624201255798,0 111.25273894185,-7.746478515370341,0 111.252136216214,-7.74680421743992,0 111.251987436872,-7.74660464978392,0 111.251853942407,-7.74644514782445,0 111.251732024914,-7.74638017360529,0 111.251625031671,-7.74630637973481,0 111.251564000979,-7.7462296100077,0 111.251411428296,-7.746041008684789,0 111.251319859325,-7.74587723944227,0 111.251220673996,-7.7457112938403,0 111.251174903,-7.74561972486958,0 111.251113872308,-7.74551959705101,0 111.251022327619,-7.745346035989929,0 111.250946017446,-7.74517914699921,0 111.250877346114,-7.74500986491247,0 111.25082395786,-7.744815774127869,0 111.250785826606,-7.74467748987351,0 111.250762928068,-7.74453492574545,0 111.250732413171,-7.744347075356429,0 111.250694259434,-7.74410960577287,0 111.250579839589,-7.74348780012111,0 111.250518786414,-7.743354763410841,0 111.25047301362,-7.74325988133762,0 111.250427218342,-7.7431654597174,0 111.250373828291,-7.743061971132239,0 111.250312799397,-7.74295944841898,0 111.250244128065,-7.742863601373311,0 111.250122045097,-7.74277969642507,0 111.249999986411,-7.74270531979382,0 111.249732969602,-7.7425441388002,0 111.249557496582,-7.74243114707898,0 111.249374361339,-7.74225420007046,0 111.249107355321,-7.741976459744969,0 111.248496998938,-7.74183794616348,0 111.248168928954,-7.741793598794771,0 111.247558584262,-7.741704425618011,0 111.247055042158,-7.74160093613347,0 111.246399228643,-7.74151240777061,0 111.246261585605,-7.74149698799484,0 111.245201087062,-7.741453125360609,0 111.244544969576,-7.741379231665451,0 111.244026169573,-7.74139446708015,0 111.243637070695,-7.741528469662339,0 111.243072158854,-7.74202063084668,0 111.243006958905,-7.74208591263394,0 111.242469771364,-7.74356362735866,0 111.242309557141,-7.743929828597951,0 111.242217999862,-7.74413343510916,0 111.24215698266,-7.74432511930807,0 111.242027258152,-7.74454733099374,0 111.241825103147,-7.74478240568261,0 111.241569512224,-7.74489875906963,0 111.241081226219,-7.74518533703286,0 111.241035454324,-7.745303599680621,0 111.241138515731,-7.74545462642906,0 111.241165155449,-7.74565407267649,0 111.241699187269,-7.74596256981597,0 111.242004383896,-7.746121126587951,0 111.241905198567,-7.74622675735812,0 111.241550434006,-7.74648162342735,0 111.241371140667,-7.74676939838819,0 111.241226185241,-7.74693962386377,0 111.240985850418,-7.74711058588404,0 111.24098204089,-7.7475742934181,0 111.240997297888,-7.74775312630491,0 111.24087521492,-7.747903789727359,0 111.24060819901,-7.74804349940719,0 111.240325900921,-7.74808354172127,0 111.240089399008,-7.74818369292229,0 111.239966614569,-7.74821258094502,0 111.239936826325,-7.74835058191301,0 111.239814741558,-7.74850317977713,0 111.239608755441,-7.74853463806226,0 111.239387509627,-7.7485851979477,0 111.239273043018,-7.74867388908791,0 111.239242529021,-7.74879546483809,0 111.239265427558,-7.74897236328313,0 111.239250169661,-7.7492460773438,0 111.239166243129,-7.74949116328574,0 111.238998399058,-7.74969074263292,0 111.23852919217,-7.74997207395125,0 111.238502484103,-7.75011487909754,0 111.238555898437,-7.75027033140989,0 111.238769525195,-7.75086065359551,0 111.238647442227,-7.75113864842907,0 111.238548256898,-7.7510642717979,0 111.238471970106,-7.75094172927662,0 111.238296497087,-7.75067229329092,0 111.237960809845,-7.75036284197079,0 111.23753355633,-7.750154943894789,0 111.237216934715,-7.75001902935393,0 111.237022372685,-7.74988217412225,0 111.236640914448,-7.74951976802209,0 111.236289968408,-7.74929854738926,0 111.235733037151,-7.74905677544901,0 111.235397327426,-7.748906570680919,0 111.235298141197,-7.74882075557257,0 111.235282883299,-7.74868056295683,0 111.235275266941,-7.748423533118709,0 111.234878525625,-7.74813792192677,0 111.234504708027,-7.74787994869981,0 111.234146097965,-7.74763341215148,0 111.234024039279,-7.74751850937094,0 111.233459468281,-7.746973015691291,0 111.233253456083,-7.74675699493854,0 111.233077983963,-7.746522378903851,0 111.232704142084,-7.74660108397209,0 111.23221588036,-7.74672123339743,0 111.231590266978,-7.746759835896941,0 111.230903600422,-7.746639214327501,0 111.230590809919,-7.746665934084749,0 111.230354284624,-7.746700727955469,0 111.230239866578,-7.746619654072931,0 111.230155938247,-7.74641032967218,0 111.230068191395,-7.746187647641059,0 111.2298660229,-7.746096090361521,0 111.229019152913,-7.74577853794835,0 111.228637694675,-7.745660251018951,0 111.228469838014,-7.74558729981325,0 111.228294365893,-7.74555059488322,0 111.227729793996,-7.7454175599716,0 111.227508549981,-7.74533650767286,0 111.227386466114,-7.745159126291901,0 111.227378826373,-7.745034649328759,0 111.227439878649,-7.744165363739741,0 111.227424598268,-7.74391551588756,0 111.227157580559,-7.74358986328072,0 111.22705075459,-7.74348589086036,0 111.226837152114,-7.74341818809812,0 111.226455692977,-7.74328420799901,0 111.226219167682,-7.743094397087931,0 111.226089466557,-7.74293846183975,0 111.226013178866,-7.74283308737629,0 111.225723241036,-7.742639045154971,0 111.225547768915,-7.74251838671334,0 111.225471482124,-7.74234625287646,0 111.225395195333,-7.742035832986491,0 111.225273110567,-7.74164051799473,0 111.225120525293,-7.74128529567908,0 111.22495267043,-7.74101826537987,0 111.224845881333,-7.74087329556532,0 111.224744064588,-7.740967995076129,0 111.22442624058,-7.74092288957893,0 111.223861692964,-7.74065538983355,0 111.223548879978,-7.74032731894985,0 111.223352414084,-7.74011738480866,0 111.223106391048,-7.7400250010522,0 111.22287366269,-7.73994609003918,0 111.22279355468,-7.73983330336345,0 111.222640980198,-7.739754863595259,0 111.222213724885,-7.739746546665,0 111.222114563837,-7.73972698461178,0 111.221878037642,-7.73967667833522,0 111.221603381092,-7.739684779428261,0 111.221336340001,-7.73973843388078,0 111.220932006608,-7.73972459241521,0 111.220748893847,-7.73969122396996,0 111.220596295084,-7.73962779928268,0 111.220466594859,-7.73958915991106,0 111.220237735384,-7.739520513759901,0 111.220100395418,-7.73949858379184,0 111.219898226923,-7.73950977855269,0 111.219711293842,-7.73952573792163,0 111.219474767647,-7.73954817690607,0 111.21919249384,-7.7395834546119,0 111.21890255511,-7.739570106874141,0 111.218589766406,-7.739546726299591,0 111.218399048978,-7.739517177275119,0 111.21828459406,-7.73946615873542,0 111.21800229597,-7.73928350462918,0 111.21782301612,-7.739235604938391,0 111.217651352629,-7.739245858109059,0 111.217391952178,-7.73918077687061,0 111.217220301277,-7.739041054600239,0 111.217079139192,-7.73884628842469,0 111.216979953863,-7.7387370666615,0 111.216880793715,-7.73864076006219,0 111.216789223845,-7.738594963885651,0 111.216674782416,-7.73854824770272,0 111.216552721932,-7.738478633881081,0 111.216445895962,-7.73840996434756,0 111.216346734915,-7.73832792279463,0 111.216232292587,-7.73824353580967,0 111.21611785026,-7.73815627189358,0 111.216026305571,-7.73808929398494,0 111.215888965604,-7.73797127415414,0 111.215801230444,-7.737883535396111,0 111.215729821575,-7.73780417382279,0 111.215667721589,-7.737556904326889,0 111.215667721589,-7.737192588965989,0 111.215682978588,-7.73666092596019,0 111.215698235586,-7.73609347533282,0 111.21566008005,-7.73562999892445,0 111.215606690897,-7.73531909699794,0 111.215522739184,-7.7350411021643,0 111.215126023049,-7.734770724588499,0 111.21475218027,-7.7345733207014,0 111.214454625182,-7.73438356015235,0 111.214111320682,-7.73414942705366,0 111.213882436027,-7.73393722482232,0 111.213737477903,-7.73373982273378,0 111.213623035576,-7.73337932769302,0 111.213623035576,-7.73305174064451,0 111.213630677115,-7.732627338879851,0 111.213737477903,-7.732071374393669,0 111.213867178129,-7.73170514887274,0 111.21411893794,-7.73123642492028,0 111.214363079594,-7.73081202315553,0 111.214515678357,-7.73052926461308,0 111.214820850703,-7.72989698995334,0 111.214973424285,-7.72953840507253,0 111.215225209277,-7.72900052685199,0 111.215515121926,-7.728367282723121,0 111.215553254081,-7.72733778471015,0 111.215461710291,-7.72710438995481,0 111.21528623817,-7.72667308409471,0 111.215106957421,-7.72640391610699,0 111.214820850703,-7.72608945916038,0 111.214736923271,-7.725918266014321,0 111.214714049015,-7.72579047684823,0 111.214942911187,-7.72530267377855,0 111.215057375998,-7.72510048369956,0 111.215095508152,-7.724875419364309,0 111.214973424285,-7.72470422711753,0 111.214645378582,-7.7243771239043,0 111.214393595389,-7.72410389277964,0 111.214286793702,-7.723937948077041,0 111.21420286627,-7.72367569497656,0 111.214149451937,-7.72341199037023,0 111.213867178129,-7.72296568201987,0 111.213584904321,-7.72291991012497,0 111.213256835236,-7.72287510500127,0 111.212295521122,-7.722752052564411,0 111.211845391553,-7.722650016384369,0 111.211647019995,-7.72261091566047,0 111.211196893123,-7.72257800766813,0 111.210624677888,-7.72259897176437,0 111.21041869267,-7.722578975338609,0 111.210113520324,-7.72249790055688,0 111.209899892667,-7.722434018114699,0 111.209770193341,-7.72235531304646,0 111.209701522009,-7.7222857001241,0 111.209564206324,-7.72212930532237,0 111.209350578667,-7.721883736444419,0 111.208526581138,-7.72141643881681,0 111.20824430733,-7.72128768198015,0 111.207252480119,-7.72106119042077,0 111.207054108561,-7.72103546441438,0 111.206832889727,-7.72104641635818,0 111.206474279665,-7.721066437964951,0 111.206291191187,-7.72110744705023,0 111.206001264148,-7.72114012481606,0 111.205600740283,-7.72123285481157,0 111.205398560996,-7.721308440131611,0 111.205215437444,-7.72139020379403,0 111.205039965323,-7.72142739165997,0 111.204841592866,-7.72143597568893,0 111.204673738004,-7.721335848769639,0 111.204551678418,-7.72125431443427,0 111.204376207197,-7.72123378560994,0 111.204170219281,-7.721250977949491,0 111.203994747161,-7.72123859788221,0 111.203903179089,-7.72122902280032,0 111.203758246147,-7.72121236196015,0 111.203582748846,-7.72119803486064,0 111.203491205056,-7.721205688990589,0 111.203330978243,-7.72119303103271,0 111.203163134172,-7.72119040771035,0 111.202926607978,-7.721183274287881,0 111.202743520398,-7.721171836710061,0 111.202587113905,-7.72112986175286,0 111.202335354094,-7.721077174071529,0 111.202217078856,-7.72106549367684,0 111.202087402912,-7.72110077228203,0 111.201861352021,-7.72119754293148,0 111.201442711313,-7.72116061766757,0 111.201248151082,-7.72106165087369,0 111.201107013279,-7.72096892087819,0 111.200981109092,-7.72087237056262,0 111.200859074688,-7.720760323129599,0 111.200675935847,-7.720602960657311,0 111.200523363164,-7.72048324740315,0 111.200401279297,-7.72035499868342,0 111.200088490592,-7.720071756305691,0 111.199996921622,-7.71998736932082,0 111.199722265071,-7.71961683964464,0 111.199638349331,-7.71936699179245,0 111.199508661696,-7.718987924852041,0 111.199409476367,-7.718837213765579,0 111.199287417681,-7.718638844006651,0 111.19919584871,-7.71848817968492,0 111.199077596855,-7.71826502461041,0 111.198875420265,-7.718045665574231,0 111.198673240079,-7.71786923837383,0 111.198539732124,-7.717739067802971,0 111.198410031899,-7.717632266115391,0 111.198318476418,-7.71751518787487,0 111.198158272987,-7.7172932181067,0 111.19793700469,-7.71708152489165,0 111.197586061349,-7.71692034299858,0 111.197425821046,-7.71689981507362,0 111.197143547238,-7.71686262630831,0 111.196853607609,-7.71674772442714,0 111.196601848697,-7.71667620134484,0 111.196334831888,-7.71667095290129,0 111.196083072977,-7.71668287341511,0 111.195884703218,-7.71661850803693,0 111.195770259991,-7.71655078009359,0 111.195472704003,-7.71636720777962,0 111.195121748071,-7.716146435009149,0 111.194831846214,-7.71596142377988,0 111.194625834016,-7.71574876379364,0 111.19451141597,-7.71553416936563,0 111.194404590001,-7.71516129155949,0 111.194313045312,-7.71489139781898,0 111.194122305401,-7.714683731767959,0 111.193763732211,-7.714517097285389,0 111.193656928725,-7.714457953371,0 111.193496690221,-7.714326343884851,0 111.193359373637,-7.71418996979052,0 111.193267805566,-7.71404215991693,0 111.193016046654,-7.713746031153641,0 111.192771904101,-7.71352096591902,0 111.192512501852,-7.71327396981705,0 111.192405677681,-7.71316620135836,0 111.192214947663,-7.71299740400617,0 111.19205473434,-7.71286530888608,0 111.191917415957,-7.71275231716495,0 111.191784257838,-7.7126363316006,0 111.191642759407,-7.71251484668203,0 111.191543574078,-7.71244141433898,0 111.191329923039,-7.712368947867841,0 111.190925589645,-7.71232600613945,0 111.190658571937,-7.71232457801605,0 111.190467817637,-7.71239706786955,0 111.19033811921,-7.71248242342435,0 111.190170263448,-7.7125830350782,0 111.190025306224,-7.71268507305689,0 111.189735416058,-7.71309849679738,0 111.189552290707,-7.71333284663274,0 111.189201333876,-7.713412712725671,0 111.18908691493,-7.71342799490529,0 111.188838952956,-7.71347661855031,0 111.188674918414,-7.71350333830756,0 111.188385002167,-7.713488310636269,0 111.188178990869,-7.71341987132925,0 111.188030225915,-7.71329662643736,0 111.187850945166,-7.71312901169376,0 111.187648754188,-7.71299025799323,0 111.187431306211,-7.712853871308361,0 111.187332146063,-7.71281191973352,0 111.187141415145,-7.71276421339695,0 111.18680570542,-7.71281143679752,0 111.186576818966,-7.71286530888608,0 111.186477635436,-7.712925879125219,0 111.186305983635,-7.7130117050253,0 111.185714716262,-7.71315285362051,0 111.185501088605,-7.71317430065266,0 111.185279819409,-7.71314044927149,0 111.1848067931,-7.7128533865737,0 111.184722888152,-7.71279712228856,0 111.184486386239,-7.712692230761009,0 111.184188831151,-7.712610212590441,0 111.183956136967,-7.71251675774134,0 111.183578462177,-7.712422337020411,0 111.183265674372,-7.71225257109846,0 111.182418802587,-7.71239897892895,0 111.182032809068,-7.71236729311524,0 111.181861926188,-7.712306661722271,0 111.181942477564,-7.71211050429552,0 111.182020989278,-7.7119915806461,0 111.181991571555,-7.71072431627338,0 111.182029704608,-7.710373372032689,0 111.182136529678,-7.710232694682291,0 111.182289128442,-7.710127318420179,0 111.182601916246,-7.70993992578615,0 111.182723976731,-7.70979924843575,0 111.182777390165,-7.709494535643511,0 111.182769772008,-7.70908493132372,0 111.182647689041,-7.70844076043189,0 111.18255612007,-7.707913835953971,0 111.182601916246,-7.707714980561109,0 111.182792647164,-7.70723482082949,0 111.182807929344,-7.70702119407205,0 111.182739257112,-7.70620437942777,0 111.182800286905,-7.70556015907329,0 111.183006273921,-7.70496175827771,0 111.183204620298,-7.704241252031401,0 111.183227517037,-7.70409150681677,0 111.183273290731,-7.70389744031381,0 111.183311446267,-7.703775380728441,0 111.18338775734,-7.70350263433825,0 111.183464044131,-7.703250851145109,0 111.183502176286,-7.70314165366357,0 111.183536523193,-7.70294639196165,0 111.18354794818,-7.70279022738625,0 111.183517457566,-7.70261190171708,0 111.183437337864,-7.70223852928384,0 111.183334343906,-7.70188566409131,0 111.183273290731,-7.70146984455686,0 111.183288572011,-7.70126958891963,0 111.183326703266,-7.700959628583209,0 111.183448787133,-7.70060868614117,0 111.183563228561,-7.70042131688942,0 111.183715803043,-7.70027394228783,0 111.18383025886,-7.700200760855619,0 111.183937047957,-7.70009872287693,0 111.18411254436,-7.69989057209144,0 111.184089646721,-7.69977661269974,0 111.183937072239,-7.69951530298809,0 111.183609001355,-7.69868037779635,0 111.183425888595,-7.69802757431228,0 111.183166488144,-7.697342827808429,0 111.183044428559,-7.69699188356774,0 111.1828919557,-7.69670983728834,0 111.182189942213,-7.695642922082379,0 111.181968673916,-7.6952271034473,0 111.181921203202,-7.694981075915091,0 111.181869488587,-7.694713067153501,0 111.181861873128,-7.69400832512335,0 111.181900004383,-7.693567722971251,0 111.181945776278,-7.69334742144552,0 111.181983955196,-7.69317622829946,0 111.182159428216,-7.692727525953691,0 111.182373031591,-7.69231124776506,0 111.182495114559,-7.69204232079565,0 111.182571402249,-7.691895453411619,0 111.182685843678,-7.691691376554959,0 111.182876574595,-7.69134853340732,0 111.183120716249,-7.69097326430388,0 111.183525073924,-7.69068760544784,0 111.184074387924,-7.690398656871671,0 111.185111987929,-7.68991658608074,0 111.185546859601,-7.6897286844305,0 111.185867289845,-7.68954131697739,0 111.186232057564,-7.68912811806737,0 111.186614975402,-7.68900723389598,0 111.186782830264,-7.68893382583458,0 111.186850710193,-7.68886123705559,0 111.18699643364,-7.68870539983353,0 111.188133243256,-7.687489475058439,0 111.188484186597,-7.68704077181339,0 111.189178435338,-7.686008878006541,0 111.189316710599,-7.685617912136111,0 111.18943021943,-7.685283147598421,0 111.189552278116,-7.684801536361041,0 111.189628589189,-7.684189765344531,0 111.189651464345,-7.68368383014386,0 111.189674361084,-7.68330045994747,0 111.189620949448,-7.68299910882102,0 111.189544660858,-7.682806446159731,0 111.189422602172,-7.682640040104929,0 111.18943021943,-7.68234202366469,0 111.189453117069,-7.682069035356911,0 111.189575176654,-7.68172118658268,0 111.189659104085,-7.681453203002109,0 111.189682002623,-7.68111081760936,0 111.189712518419,-7.680817082841289,0 111.189720132979,-7.68066690235485,0 111.189735404366,-7.680553621051929,0 111.189781163671,-7.68039795200308,0 111.189926119996,-7.68004079344711,0 111.190090156337,-7.6797203757939,0 111.190166455718,-7.67952129197327,0 111.190280897147,-7.67922731258959,0 111.190368634106,-7.67904993300719,0 111.190399148103,-7.67891307597686,0 111.190429663,-7.678779071596109,0 111.190475434894,-7.67850729197712,0 111.190467817637,-7.67840143277909,0 111.190395340374,-7.67809864273734,0 111.190319053583,-7.677621806000761,0 111.190452560638,-7.67713494811857,0 111.190502166343,-7.6770286293669,0 111.190612776659,-7.676799720429939,0 111.190658571937,-7.676456416829371,0 111.190597517862,-7.67607304843163,0 111.191162114941,-7.675220447065141,0 111.191360462217,-7.67481703277908,0 111.191757202634,-7.67416901638618,0 111.191902135576,-7.673923930444239,0 111.192108145975,-7.67354771885134,0 111.192197936986,-7.673239928579039,0 111.192184431867,-7.67301269328038,0 111.191772435351,-7.67273279008536,0 111.191442620681,-7.67244912502627,0 111.191383358956,-7.67230698537831,0 111.191307072165,-7.67190548035281,0 111.191230761092,-7.67171044707866,0 111.191040031074,-7.671528301988719,0 111.19078060724,-7.67129702333809,0 111.190681421911,-7.67123599264612,0 111.190582285145,-7.671175446688719,0 111.190269447878,-7.67077204499311,0 111.190101592116,-7.670350022834471,0 111.190048203863,-7.67016168771088,0 111.189918505436,-7.669738736552611,0 111.18988798964,-7.669613800036011,0 111.18979643326,-7.669395409569681,0 111.18952940386,-7.66914935595717,0 111.189399703634,-7.66909023812317,0 111.189292901947,-7.66921611712932,0 111.189041117854,-7.66944356286934,0 111.188804592559,-7.669002972408421,0 111.188743587048,-7.66885612840675,0 111.188606247082,-7.668616749562541,0 111.188529935109,-7.668430299417971,0 111.188514702393,-7.668224289018919,0 111.188529935109,-7.66805406444271,0 111.188568103236,-7.66782304929348,0 111.188613887722,-7.66748760576754,0 111.18862150408,-7.66736598055471,0 111.188537600931,-7.66724082730152,0 111.188209530047,-7.666974029027381,0 111.188087447079,-7.66677091894192,0 111.187995903289,-7.66643044460848,0 111.188003517849,-7.6663288895658,0 111.188095085921,-7.66619345796093,0 111.188308716275,-7.66600843593976,0 111.188339231172,-7.665800997417309,0 111.188243340958,-7.665446324587371,0 111.188217147305,-7.66534944242205,0 111.188163758152,-7.66503092233841,0 111.188133243256,-7.66491838927146,0 111.188049290643,-7.6647033352899,0 111.188049303234,-7.664494724950761,0 111.188178990869,-7.66430707870787,0 111.188362105428,-7.66414114569653,0 111.188457470437,-7.66399212713416,0 111.188468929598,-7.66389462083929,0 111.188491803855,-7.66345735607135,0 111.188369745169,-7.663154576821499,0 111.188201889407,-7.66294380271355,0 111.188110344718,-7.662804092134359,0 111.188030239405,-7.66254779974038,0 111.188011160288,-7.66240640832829,0 111.188049290643,-7.66193006801736,0 111.188079806439,-7.66176649212915,0 111.18815609323,-7.66150469858222,0 111.18823942621,-7.661268724571219,0 111.188285816838,-7.661101768131259,0 111.188266751211,-7.660947537098339,0 111.188201889407,-7.66082234697287,0 111.187988286032,-7.660632584625259,0 111.187805148989,-7.6604504143543,0 111.187652575407,-7.66028831335412,0 111.18753813218,-7.65989394175119,0 111.187561030718,-7.65937086277426,0 111.187614443253,-7.6590108515687,0 111.18762206141,-7.65875193495309,0 111.187530492439,-7.65802475483777,0 111.187522875182,-7.65788170597514,0 111.18753813218,-7.65778489215827,0 111.18753813218,-7.6576499443886,0 111.18754577372,-7.65747019239469,0 111.187561030718,-7.65716359372406,0 111.187591545614,-7.657001445059869,0 111.187591545614,-7.65664003001256,0 111.187583928357,-7.656510330686351,0 111.187568647076,-7.65632006112109,0 111.187595354243,-7.65609403990717,0 111.187675447865,-7.65574402736413,0 111.187667832406,-7.655618160049251,0 111.187721244941,-7.65549417681401,0 111.187786083362,-7.65538951641225,0 111.187843305425,-7.65514799808087,0 111.187854766385,-7.6549391323343,0 111.18781278963,-7.65467736396839,0 111.187789915373,-7.65455097594603,0 111.187736501939,-7.654304462779879,0 111.187705961862,-7.65416236000411,0 111.187744119197,-7.65390441105898,0 111.18788143668,-7.6534051479284,0 111.188030225915,-7.65298410693025,0 111.188217147305,-7.65265700281765,0 111.188476546856,-7.652231657664061,0 111.188796976201,-7.651858781656659,0 111.188941935223,-7.65162037138229,0 111.189041117854,-7.65126654841173,0 111.18907927429,-7.65081736312996,0 111.189071631851,-7.65071244642148,0 111.189094532188,-7.65030141487766,0 111.189132687724,-7.65006253155982,0 111.189201332976,-7.64990755229093,0 111.189323416843,-7.64969677728362,0 111.18952940386,-7.6492723998006,0 111.189643846188,-7.64892336571994,0 111.189651475137,-7.64863439286221,0 111.189590433653,-7.64848133634381,0 111.189468374067,-7.64821620631202,0 111.189422602172,-7.64805313674208,0 111.189399703634,-7.64773413462181,0 111.189384446636,-7.6474489838827,0 111.189304340424,-7.64713474367267,0 111.189331034101,-7.64659401280263,0 111.189376805996,-7.64606805599519,0 111.189414960633,-7.645744748820291,0 111.189407345174,-7.64554018902772,0 111.1893462911,-7.645273656053541,0 111.189292901947,-7.64508957472327,0 111.18925474731,-7.64500090876416,0 111.189170818979,-7.64484591690473,0 111.189147944723,-7.644377676787561,0 111.189163201721,-7.64415021665834,0 111.189163201721,-7.64391990567827,0 111.189132685926,-7.64367196708675,0 111.18908691493,-7.64357848885537,0 111.188957215604,-7.64328618041206,0 111.188896162429,-7.64307779940014,0 111.188850389635,-7.64288612689241,0 111.188713073051,-7.642657724273729,0 111.188659661415,-7.64252993510763,0 111.188674918414,-7.642427415092401,0 111.188697789972,-7.64233202490216,0 111.18881225838,-7.6420945553187,0 111.188880905431,-7.641930545057769,0 111.188995345959,-7.6416129665644,0 111.189048760293,-7.64149709881123,0 111.189151753352,-7.641333075959931,0 111.189201332976,-7.641204791267289,0 111.189220424684,-7.64102741977886,0 111.189239490311,-7.64077136930248,0 111.18925474731,-7.640566784328809,0 111.189262387051,-7.64034744867499,0 111.189338673842,-7.64002559390522,0 111.189399703634,-7.639861557564,0 111.18951413517,-7.63958068759787,0 111.189544660858,-7.6393849519532,0 111.189537045399,-7.63909097526754,0 111.18952940386,-7.63891550404643,0 111.189586625024,-7.63860769578772,0 111.189598074293,-7.638404320402299,0 111.189582817294,-7.63815066302187,0 111.189544660858,-7.63793990060511,0 111.189537045399,-7.637794460445189,0 111.18960569155,-7.63755890102167,0 111.189727775418,-7.637310466004399,0 111.18980025358,-7.637115432730251,0 111.189823126937,-7.637026741590041,0 111.189834599588,-7.63687512308766,0 111.189834599588,-7.63678452178742,0 111.189826935566,-7.63668891486069,0 111.189824394981,-7.63653736470684,0 111.189842216846,-7.6363625131187,0 111.189876538572,-7.63610453899246,0 111.189907066959,-7.635849443596189,0 111.190109257038,-7.63558719139499,0 111.190193161087,-7.63546225397902,0 111.190216059624,-7.63533206991824,0 111.190261832419,-7.63524052612863,0 111.19033047857,-7.63513942974012,0 111.190368634106,-7.63505122333448,0 111.190433450045,-7.63493371881529,0 111.19050595069,-7.63483092180874,0 111.190628046248,-7.634629213766389,0 111.190727218987,-7.63443942803641,0 111.190811147318,-7.63424988242529,0 111.19087980516,-7.63406583976587,0 111.190948463002,-7.63394591966766,0 111.191101060866,-7.63371512485231,0 111.191200246195,-7.633568256569,0 111.191295611205,-7.63346643712555,0 111.191360462217,-7.63338180642443,0 111.191459634056,-7.63328309413871,0 111.19159696323,-7.63317868464779,0 111.191688531302,-7.63312431793213,0 111.19175463417,-7.633061567736421,0 111.191856363681,-7.632960280691541,0 111.191925044906,-7.63288399390043,0 111.192016577904,-7.63279338180829,0 111.192150098449,-7.63272138568261,0 111.192253103199,-7.63265225569625,0 111.192359929168,-7.632544003402271,0 111.192474360704,-7.632424797365769,0 111.192615510199,-7.63229533995715,0 111.192710875208,-7.63222691144203,0 111.192802418098,-7.632187813416059,0 111.192977903708,-7.63212390579277,0 111.193283085947,-7.63132616756779,0 111.19341276189,-7.63105388073124,0 111.193588259192,-7.630732508897391,0 111.193763732211,-7.63037295634601,0 111.193916304895,-7.63005158271359,0 111.194091777015,-7.62965389980681,0 111.194213859983,-7.62934299698092,0 111.194290147673,-7.62909264101172,0 111.19433594385,-7.62883660132734,0 111.194328278928,-7.628662071696411,0 111.194351176567,-7.628248188402369,0 111.194358818106,-7.62791059100016,0 111.194351176567,-7.62762735042108,0 111.194343739173,-7.62739612662915,0 111.194328278928,-7.627142378417189,0 111.194328278928,-7.62687536070854,0 111.194328278928,-7.6263961425671,0 111.194328278928,-7.62621612167593,0 111.194328278928,-7.625976528792981,0 111.194328278928,-7.625574651448151,0 111.194328278928,-7.62527907936525,0 111.194328278928,-7.62523489387443,0 111.194328278928,-7.62507244843396,0 111.194259901674,-7.624556453416839,0 111.194137573191,-7.62363334610128,0 111.194140118273,-7.62318544864873,0 111.194145191349,-7.622292483010851,0 111.194463063021,-7.62055744796703,0 111.19448976659,-7.62041719509665,0 111.193274042364,-7.615052554730849,0 111.193095049398,-7.61426536735201,0 111.192995353254,-7.613826916378259,0 111.192816201108,-7.61362013166296,0 111.192522474434,-7.61299808679152,0 111.19226554442,-7.612632214704141,0 111.191971916672,-7.61222976179332,0 111.191678336587,-7.61193710441303,0 111.191127894837,-7.611424966588089,0 111.190724242231,-7.61105916105067,0 111.19039387268,-7.61051032908759,0 111.190246970223,-7.610107807828251,0 111.189696484406,-7.609485872674109,0 111.189146064241,-7.60901033365919,0 111.188412128418,-7.60827868211469,0 111.187641499357,-7.607510447048731,0 111.186173627712,-7.60601053885446,0 111.18558647114,-7.60538861539151,0 111.18521954145,-7.605095984091599,0 111.184779296328,-7.604913178899291,0 111.18426559818,-7.60451081412197,0 111.183531820638,-7.60410853927689,0 111.183054882278,-7.60388915056302,0 111.181880725616,-7.602974679437089,0 111.181477088298,-7.602608864007049,0 111.181036834184,-7.602389456407499,0 111.180706604028,-7.602133402333821,0 111.180229625198,-7.6018042153914,0 111.179789264064,-7.60132861702121,0 111.179422280415,-7.60088958508551,0 111.179312134149,-7.60063344107968,0 111.17879847557,-7.60030426582845,0 111.178358225053,-7.60008485373222,0 111.177954564353,-7.5996458379842,0 111.177807618728,-7.59909691788763,0 111.177770878724,-7.59895053973483,0 111.177330583241,-7.59862133300735,0 111.177110413916,-7.59840183097888,0 111.177073449081,-7.597706473374231,0 111.176816496585,-7.5972307958637,0 111.176522834662,-7.59668193782041,0 111.176155872596,-7.59627950199664,0 111.175862345572,-7.59606002964586,0 111.175421906197,-7.59536483391909,0 111.175225771253,-7.595113426642501,0 111.174908125311,-7.59470626668004,0 111.17428426201,-7.59393794707779,0 111.173807237315,-7.59346235680156,0 111.173550393637,-7.59324286736365,0 111.173513448588,-7.59258410766965,0 111.173513390132,-7.592437713329,0 111.173329860985,-7.59210839868287,0 111.173096796281,-7.59177646341222,0 111.172742875285,-7.59181584472466,0 111.172412745853,-7.591779376316361,0 111.172155859906,-7.59145009134783,0 111.171275497367,-7.59130404504487,0 111.170872011135,-7.5912676054148,0 111.170651920051,-7.5912310929398,0 111.170028258199,-7.590938548874109,0 111.169434468227,-7.5906600144473,0 111.168964285574,-7.590243589669091,0 111.168854121322,-7.589914245345359,0 111.168817329157,-7.58962147105326,0 111.168450421051,-7.589328823565511,0 111.168376850212,-7.588779872892061,0 111.168486589086,-7.58801126011073,0 111.168449608963,-7.58724270308746,0 111.16855947644,-7.58680347779745,0 111.168559348736,-7.58647408940694,0 111.168412419299,-7.58592516841099,0 111.168412362641,-7.58577877407034,0 111.168265547418,-7.58552263995704,0 111.168228782234,-7.585303060586979,0 111.168008511285,-7.584790766280001,0 111.16778816929,-7.58409547792316,0 111.167421100205,-7.583363648312911,0 111.166833818627,-7.58226591334048,0 111.16628267091,-7.58146016575325,0 111.166187620663,-7.58140298865615,0 111.166038753187,-7.581228887102709,0 111.16566258656,-7.58106012302542,0 111.165366187101,-7.58098552156379,0 111.164863833001,-7.58094014357202,0 111.164710985125,-7.580938283773929,0 111.164367658142,-7.580932577575569,0 111.164267022206,-7.58091274032986,0 111.164082412974,-7.58091281137632,0 111.163715560626,-7.580729955821971,0 111.16360200503,-7.58060729908672,0 111.163532593555,-7.58054096599197,0 111.163275239961,-7.580254338566079,0 111.162981605917,-7.57970546973081,0 111.162801105688,-7.579323908970399,0 111.162687944894,-7.57908340237638,0 111.16268787025,-7.57888035434404,0 111.162658683652,-7.57844158501038,0 111.162582372579,-7.57812782863554,0 111.162315356669,-7.57747981404138,0 111.162261968416,-7.57733246102341,0 111.162254302595,-7.57720800834209,0 111.162237094068,-7.57691264040523,0 111.162210212432,-7.57663147186416,0 111.16217327188,-7.57593611066212,0 111.162173108203,-7.575496927640349,0 111.162172838407,-7.57477666511019,0 111.161910998095,-7.57463023389735,0 111.161621085446,-7.574489554748399,0 111.161378081434,-7.57424642303319,0 111.161145567115,-7.57399676583721,0 111.160778653613,-7.573630914434349,0 111.160656800872,-7.5734269580868,0 111.160615920389,-7.57332671785291,0 111.160485027663,-7.57308204290115,0 111.159897968218,-7.57249667867801,0 111.159497070235,-7.57208558777891,0 111.15932261165,-7.571976001790271,0 111.159019967299,-7.57145482038282,0 111.158387287045,-7.570686830831749,0 111.15778210626,-7.56991883138816,0 111.15717694616,-7.56920570407922,0 111.156794472588,-7.568708268371131,0 111.156544253316,-7.56838283879619,0 111.156382795331,-7.56814755096795,0 111.156186626213,-7.56786167537524,0 111.155939038357,-7.56750508968733,0 111.155581467911,-7.56714854356963,0 111.155388923961,-7.56692912158088,0 111.155333844982,-7.5666822136125,0 111.15527570561,-7.566508375560281,0 111.154699846322,-7.565687148842,0 111.154574674183,-7.56507262859807,0 111.154502092599,-7.56500700866574,0 111.154334888845,-7.564784061334559,0 111.154257577726,-7.564514408612279,0 111.15412724168,-7.56421742189572,0 111.153888244148,-7.563980752708719,0 111.153773100349,-7.56387869404569,0 111.153805016389,-7.56385203364362,0 111.153811079619,-7.56350861582917,0 111.153746680066,-7.56335881575594,0 111.153600774957,-7.56321118484746,0 111.153433435406,-7.56310208629149,0 111.153330441448,-7.56299510743745,0 111.153201702597,-7.56286887409847,0 111.153079649307,-7.56276499340891,0 111.153050322416,-7.562677304113529,0 111.153187630906,-7.562210836560059,0 111.153105020981,-7.56185419241624,0 111.153439449172,-7.56179720867345,0 111.153187447444,-7.5616895454353,0 111.153104886083,-7.56147008297714,0 111.153352234719,-7.56116819495545,0 111.153132139138,-7.560784161958671,0 111.153131946683,-7.56023543341766,0 111.15318682871,-7.559933613744501,0 111.15288428868,-7.559659354694621,0 111.152664223676,-7.55935763214821,0 111.152609126711,-7.5590558511458,0 111.152718992389,-7.558726574271229,0 111.152801398167,-7.558507053356989,0 111.152801264168,-7.55812294481726,0 111.152801158048,-7.55782114402979,0 111.153103465154,-7.5574369275714,0 111.153268299194,-7.55705275967631,0 111.153020660976,-7.55653155398721,0 111.152690610684,-7.5562024326953,0 111.152587798389,-7.55592811968611,0 111.152580477008,-7.55576348889311,0 111.152374578125,-7.55557572034244,0 111.152162192432,-7.5553527829038,0 111.152079567219,-7.55520449638962,0 111.151983041185,-7.55475975915476,0 111.151892749252,-7.55472528814072,0 111.151892697991,-7.5545839596812,0 111.152057628258,-7.55447415785526,0 111.152277594337,-7.55450151882919,0 111.152425726167,-7.55457733257701,0 111.152546772217,-7.554374236880739,0 111.152634734007,-7.55367830101199,0 111.152661978968,-7.55296494257727,0 111.152634388667,-7.55269058909866,0 111.152771725036,-7.552306431096099,0 111.152634126964,-7.55194980583806,0 111.15229712941,-7.551457811927649,0 111.152151664069,-7.550999601949249,0 111.152299452359,-7.5509595839168,0 111.152480246667,-7.55097313580078,0 111.152647390166,-7.55097307734487,0 111.152797460036,-7.55091856403971,0 111.152933892586,-7.55088447613681,0 111.153063483994,-7.55079592798888,0 111.153240814113,-7.55065970857784,0 111.153356724135,-7.550469047807469,0 111.153527223903,-7.55031240659147,0 111.153615867379,-7.55018302742401,0 111.153686966881,-7.550023236782131,0 111.153724936258,-7.54993790640843,0 111.153807919401,-7.54978516465283,0 111.153728693625,-7.549629674569001,0 111.15361578734,-7.54942498977065,0 111.15341053417,-7.54915891814876,0 111.153240595578,-7.54898486066193,0 111.153082186295,-7.54888265271139,0 111.152990778303,-7.54878499173315,0 111.152863598877,-7.54875255228771,0 111.152748911034,-7.54865837078635,0 111.152653357168,-7.548535862439241,0 111.152503210856,-7.548372526669979,0 111.152339423627,-7.54820919539729,0 111.152202911936,-7.548018622760421,0 111.152135659734,-7.54771042599462,0 111.152134502306,-7.54748082457959,0 111.152154876447,-7.54721531233602,0 111.152195711064,-7.54693617356472,0 111.1521956634,-7.54680001800563,0 111.152133426717,-7.54671207510138,0 111.151944872159,-7.546517629983859,0 111.151734239245,-7.54634259493403,0 111.151614847049,-7.54624337992724,0 111.151284822837,-7.545969129870621,0 111.151092298672,-7.54577714080162,0 111.151171701614,-7.54551268706005,0 111.151034392224,-7.54539043142244,0 111.150869636426,-7.54529757642124,0 111.150704870734,-7.545183281582311,0 111.15066183008,-7.544983183326481,0 111.150719053043,-7.54477590308462,0 111.150826387129,-7.54449713303544,0 111.150733210171,-7.54428990405498,0 111.150575612076,-7.54418990214147,0 111.150425115028,-7.54391122112516,0 111.150331919184,-7.543646815946971,0 111.150339027425,-7.5434895802791,0 111.150260179365,-7.543296638828019,0 111.150109715592,-7.54311087036954,0 111.150066692025,-7.54296079870111,0 111.150474780088,-7.542553281707811,0 111.150682456931,-7.54250318227529,0 111.150818500974,-7.54241022385194,0 111.151112129622,-7.54238153457938,0 111.151312709015,-7.54251725756458,0 111.151627826964,-7.54250285492204,0 111.151699412099,-7.54240277296882,0 111.151706529334,-7.542274124950101,0 111.151735137667,-7.54215976356138,0 111.151735030648,-7.54185244543319,0 111.15172778571,-7.54161659912591,0 111.15181363859,-7.541359277907529,0 111.151905156299,-7.54109404535312,0 111.151501184433,-7.54118345055494,0 111.151193442724,-7.54097887187659,0 111.151090757234,-7.54061047179504,0 111.151090703274,-7.54045479105501,0 111.15099687071,-7.54045189703665,0 111.150710351203,-7.54032334974197,0 111.15063150584,-7.54013755700185,0 111.15061711309,-7.539937447054739,0 111.150774573589,-7.5396443669931,0 111.150946362985,-7.539372724071169,0 111.151168333653,-7.53923685539575,0 111.151433269431,-7.53908667580858,0 111.151520795949,-7.53893282608824,0 111.151110736572,-7.53907531737119,0 111.150570796206,-7.539242740559209,0 111.150622614243,-7.53916511827479,0 111.15067749717,-7.538863296802889,0 111.150732342325,-7.538451732860409,0 111.150951963963,-7.53828723966356,0 111.150645213307,-7.538350812738989,0 111.150401666105,-7.5382222510552,0 111.150387231087,-7.5379006426997,0 111.150580558347,-7.537779077741421,0 111.150881308726,-7.537643182985709,0 111.1511052606,-7.53736023558562,0 111.150951842555,-7.53716214191846,0 111.150924313407,-7.53705240844105,0 111.150941744967,-7.536954335573349,0 111.150666162115,-7.53679991478342,0 111.150565783385,-7.536471190092491,0 111.150773345115,-7.536092329996211,0 111.15085152318,-7.535601382896711,0 111.150662179017,-7.53513713756804,0 111.150364677889,-7.53480601798251,0 111.15030723729,-7.53437721943233,0 111.150342916993,-7.53400556560355,0 111.150246753386,-7.53347316785162,0 111.149988165023,-7.53307444083195,0 111.149945935558,-7.53280813808428,0 111.149690625223,-7.532340547277581,0 111.149554285303,-7.53156157610504,0 111.149475438142,-7.531361485943001,0 111.149389385613,-7.531032755856199,0 111.149324763928,-7.530898936735799,0 111.149052628177,-7.530824971994001,0 111.148750176281,-7.530742764965881,0 111.148585199249,-7.53068794679055,0 111.14825513187,-7.530249075833369,0 111.147815188022,-7.53008460601889,0 111.147567667615,-7.52983776100309,0 111.147402663603,-7.52970063327676,0 111.147413262113,-7.529509081278229,0 111.147183038368,-7.52943258404568,0 111.147197262944,-7.52913955434615,0 111.147283073556,-7.52875358870635,0 111.147260068898,-7.52862947956605,0 111.147044829656,-7.52843867580348,0 111.146687357237,-7.52824674069372,0 111.14646737587,-7.52813706837023,0 111.146322918669,-7.5279448355849,0 111.146172693216,-7.52779626758282,0 111.146079483882,-7.52747468530761,0 111.146079400245,-7.527224540679221,0 111.146186594936,-7.52653839842749,0 111.146358217958,-7.52577361495956,0 111.146300799843,-7.52540199170775,0 111.146401022091,-7.52528046092373,0 111.14687376871,-7.52551615074899,0 111.147102990612,-7.525666162162861,0 111.147382297556,-7.52568036155865,0 111.147546992201,-7.5256088366777,0 111.147690095922,-7.52522999906442,0 111.147774378586,-7.52502275299682,0 111.148112874411,-7.52525059803593,0 111.148191410406,-7.52516236644927,0 111.148233290035,-7.524890084109301,0 111.14823319111,-7.52459687184737,0 111.148233127258,-7.52440837934247,0 111.148400933557,-7.524156998146169,0 111.148631722077,-7.52396842560157,0 111.148757613674,-7.523884608786919,0 111.14892549102,-7.523842664406599,0 111.149282485,-7.52378563659701,0 111.14966583631,-7.52318806497638,0 111.149777815395,-7.52301798788903,0 111.149779808293,-7.522835634156389,0 111.149861389393,-7.52267266531041,0 111.150012996204,-7.52266097592256,0 111.150161975196,-7.52267292341586,0 111.150238024566,-7.52260538343088,0 111.150444011583,-7.52248138940374,0 111.150787340365,-7.52239700241897,0 111.150947554587,-7.522393204581899,0 111.151352137992,-7.52257903239566,0 111.151522710606,-7.52264008197341,0 111.151809681573,-7.522378866690491,0 111.151939382697,-7.522178635335001,0 111.151992795232,-7.52191016791905,0 111.151992795232,-7.521582097035351,0 111.151885994444,-7.52119730141349,0 111.151756269038,-7.52090736178448,0 111.151603671174,-7.52072855228003,0 111.151428199053,-7.52062126675725,0 111.151084894553,-7.52055832770382,0 111.150634765883,-7.520591212313789,0 111.150444011583,-7.52060504388683,0 111.150321952897,-7.52055832770382,0 111.150207486287,-7.52039762874674,0 111.15011596588,-7.520064795952709,0 111.150117667397,-7.51988482182626,0 111.150123582239,-7.51925893505105,0 111.150161736876,-7.51909966241873,0 111.150520322656,-7.51876782067753,0 111.150703412034,-7.51855559506382,0 111.150787340365,-7.51839874070854,0 111.150779697926,-7.51827711729427,0 111.1506499986,-7.51805541372552,0 111.150482167119,-7.51788995195892,0 111.150161736876,-7.5177979000522,0 111.149505596907,-7.51776977915122,0 111.149345382684,-7.5177573748022,0 111.149223323099,-7.5176972865997,0 111.149040211238,-7.51737591566521,0 111.148591830849,-7.51700194338416,0 111.148223855248,-7.51667306041255,0 111.148113244931,-7.516503305282509,0 111.148132309659,-7.51640077177744,0 111.148651110561,-7.51594873204753,0 111.148811349066,-7.5157952150763,0 111.148933385269,-7.51557012466075,0 111.149047826697,-7.51486964002104,0 111.149062491941,-7.51470681866393,0 111.149086008314,-7.514445743675281,0 111.149162294206,-7.514078575664971,0 111.149322509327,-7.51369235371837,0 111.149482699268,-7.513459164907709,0 111.149803152894,-7.513047190874329,0 111.14992521158,-7.512844516960061,0 111.149986266554,-7.51263328239919,0 111.14992521158,-7.51204249976074,0 111.149917595222,-7.511869395555371,0 111.149963368016,-7.511688677689541,0 111.150115954189,-7.511492701026561,0 111.15028379736,-7.51126144665766,0 111.150566094551,-7.51098248505291,0 111.150825495002,-7.51075122888527,0 111.150985455615,-7.510638783951911,0 111.151229828395,-7.51046699815263,0 111.151748652679,-7.510367837105169,0 111.151908844419,-7.51032825434463,0 111.152020587881,-7.51034435940387,0 111.15218350007,-7.510367837105169,0 111.152441458008,-7.51045276728059,0 111.15272519861,-7.51054618615678,0 111.152953073327,-7.51063900158786,0 111.153137196026,-7.5104665376998,0 111.153282154149,-7.510367353269969,0 111.153480499626,-7.510129425032151,0 111.153575132587,-7.50982223910426,0 111.153697131019,-7.509160838101401,0 111.153696991624,-7.508761897043081,0 111.153696907088,-7.50852252989005,0 111.153613073186,-7.50839242407033,0 111.153594967135,-7.50827738009625,0 111.153552992178,-7.508171278980531,0 111.15344235758,-7.50807735288679,0 111.153243997713,-7.50804085390153,0 111.153099042288,-7.50803514770308,0 111.152915952011,-7.508028957669441,0 111.152641294561,-7.5080227676358,0 111.152454374071,-7.50799248206655,0 111.152328481575,-7.50795027688302,0 111.152252171402,-7.50785300171386,0 111.152159371259,-7.50771676161848,0 111.152084339022,-7.50717541381349,0 111.152152985173,-7.50671524960826,0 111.152244554144,-7.50651404878355,0 111.152427666904,-7.50625798661599,0 111.152610779665,-7.5061478241619,0 111.152946466907,-7.50602003409644,0 111.15327451261,-7.50583694561775,0 111.153374813997,-7.50562185656265,0 111.153419495015,-7.50552604279178,0 111.153259279893,-7.50507731616445,0 111.153068525593,-7.504455534794331,0 111.1530074967,-7.50413558928522,0 111.153052273045,-7.50385780759095,0 111.153114322669,-7.50360056371426,0 111.153205843076,-7.503385024998139,0 111.153251639253,-7.50315853433805,0 111.153228740715,-7.50304218095104,0 111.153137196026,-7.50291439178494,0 111.152960900126,-7.50269136171622,0 111.152493046718,-7.50203202735533,0 111.152267452682,-7.50130172569325,0 111.152190832242,-7.50100898107884,0 111.152191164991,-7.50073475980053,0 111.152259836323,-7.50053353559337,0 111.152341367961,-7.5003870243409,0 111.152412409906,-7.50025936287844,0 111.152580241386,-7.49999425712846,0 111.152603139025,-7.499688118011379,0 111.152593509084,-7.4995872473528,0 111.152580241386,-7.49944827781497,0 111.152517992113,-7.499348828984459,0 111.15241444687,-7.49910793388326,0 111.152134507702,-7.49874898387772,0 111.151988638566,-7.49863987812707,0 111.151939382697,-7.498487907989791,0 111.151901226262,-7.49803586915925,0 111.151847838008,-7.49785135255707,0 111.151733371399,-7.49775884199617,0 111.151412966336,-7.497555709427629,0 111.150817854362,-7.497112710582289,0 111.15068940959,-7.49696841076273,0 111.150614853094,-7.49683458264907,0 111.150521594297,-7.496779875989689,0 111.150337209895,-7.4966697387167,0 111.149681069027,-7.49636551065893,0 111.149459850193,-7.49618096977511,0 111.149139136663,-7.495793043613251,0 111.149078356882,-7.495651638711331,0 111.148986821186,-7.49537798670397,0 111.148834223322,-7.494980786733101,0 111.148635853563,-7.494703737086939,0 111.148345939115,-7.49438091284804,0 111.148059388131,-7.494086701439289,0 111.147796624216,-7.49391934570043,0 111.147705055245,-7.4938916843529,0 111.147537224664,-7.4938916843529,0 111.147224411678,-7.49390121087141,0 111.146987908866,-7.49386450594138,0 111.14622496631,-7.4936246684429,0 111.145927412121,-7.493559794048421,0 111.145736681204,-7.49355075136528,0 111.145492540449,-7.49356027698442,0 111.145103438874,-7.49358793833186,0 111.14495848165,-7.493541682601769,0 111.144801690247,-7.4933766668988,0 111.144617539669,-7.49288705978919,0 111.144537447846,-7.49244824998594,0 111.144248216883,-7.49210732958878,0 111.144187922736,-7.49190805331321,0 111.143817855311,-7.491068324842539,0 111.143737335411,-7.490453797404009,0 111.143577300153,-7.490015012781771,0 111.143577183241,-7.48965596385083,0 111.143577014169,-7.48913733831675,0 111.14352567637,-7.4890093683869,0 111.143511340277,-7.48897363202663,0 111.143388193411,-7.48877511477892,0 111.143257048875,-7.488578922278631,0 111.143243701137,-7.48844613557984,0 111.14315032363,-7.48823353494887,0 111.142929054433,-7.48778149611842,0 111.142731270133,-7.487477706929861,0 111.142585751732,-7.487402889630831,0 111.142348991714,-7.487322413797549,0 111.141937868439,-7.48725908084116,0 111.141769394843,-7.48719068739949,0 111.141678289922,-7.487044043047359,0 111.141647235433,-7.48692106615345,0 111.141525253189,-7.48643393487733,0 111.141472677024,-7.4863403784049,0 111.141395552963,-7.486203140961361,0 111.141212463585,-7.48617550299628,0 111.141014092927,-7.48615690861363,0 111.140853855322,-7.486230801409511,0 111.140624994049,-7.48646159802351,0 111.140335079601,-7.486803497782411,0 111.140090936149,-7.48692367059012,0 111.139801021701,-7.4869146054239,0 111.139419539181,-7.48684975441178,0 111.139236448005,-7.486702402293279,0 111.139123825905,-7.486477531312241,0 111.13908385104,-7.48639771378268,0 111.138999923609,-7.48601004033031,0 111.138931266666,-7.485543686990721,0 111.138763422595,-7.4854654900395,0 111.138557411296,-7.485455962621801,0 111.138122538725,-7.48542878510956,0 111.13790129471,-7.485327205785141,0 111.137619020003,-7.48512407231723,0 111.137039191107,-7.484653439104121,0 111.136512749565,-7.48441359980698,0 111.135841352597,-7.48409984343223,0 111.135414121565,-7.48385998165202,0 111.135238647647,-7.483703103914279,0 111.135185235112,-7.4834260515702,0 111.135238647647,-7.483093700812879,0 111.135360709031,-7.48282571903096,0 111.135719293012,-7.48258585455272,0 111.136047362996,-7.482456180407611,0 111.13664245069,-7.482299301770601,0 111.136840820449,-7.482170061098659,0 111.136878641437,-7.48202057398948,0 111.136802664912,-7.48189303393549,0 111.136657684306,-7.48177288540952,0 111.136108367608,-7.48160693980764,0 111.1360168481,-7.48150535958385,0 111.1360168481,-7.481320821397959,0 111.136093134891,-7.48107143130077,0 111.136215193577,-7.480960349739481,0 111.136565678264,-7.48075061344919,0 111.136697284153,-7.480629175295439,0 111.136802664912,-7.48042484213198,0 111.136825539168,-7.48019404641726,0 111.136764533657,-7.4799542080195,0 111.136573780257,-7.47953841366606,0 111.136314380705,-7.479326212334,0 111.136100752149,-7.47925277909167,0 111.135803196162,-7.479225117744241,0 111.135322552595,-7.47921607416164,0 111.135200493009,-7.479169794149909,0 111.135169978113,-7.479059196423999,0 111.135200493009,-7.47879118856169,0 111.135292037698,-7.4785603919477,0 111.135444635563,-7.47830196006656,0 111.135536203634,-7.47806163693414,0 111.135566695148,-7.47783084301816,0 111.135539262228,-7.47755863442259,0 111.135528539611,-7.477452237429949,0 111.135479432131,-7.4773579857816,0 111.135398863668,-7.47720335365103,0 111.135086050682,-7.476889090957999,0 111.134681693007,-7.47669550829024,0 111.134338366024,-7.47650190313958,0 111.134025552139,-7.47617861844767,0 111.133636478442,-7.47569891737032,0 111.133498618667,-7.47552133094387,0 111.133399951348,-7.47539422885981,0 111.13322264461,-7.47511655958077,0 111.133163449435,-7.474960298777991,0 111.133232095586,-7.47472950486192,0 111.133476238139,-7.47435089837443,0 111.133804308123,-7.474194020636691,0 111.134269695591,-7.47403665906376,0 111.134834266589,-7.47379633683072,0 111.134994505993,-7.473667121339789,0 111.135116564679,-7.473511720288831,0 111.135116564679,-7.47337145033131,0 111.135037320017,-7.47323287469661,0 111.13491819492,-7.473103974867759,0 111.134605381934,-7.47289177443506,0 111.134040835217,-7.47231003358038,0 111.133995038142,-7.47212549539449,0 111.134025552139,-7.471996278104911,0 111.134083796731,-7.47190699161355,0 111.134140017849,-7.47182080598461,0 111.13428495259,-7.471682520830881,0 111.134902937022,-7.47140501163117,0 111.13547514956,-7.471091256155701,0 111.135559055407,-7.470850933922661,0 111.135513305995,-7.470638707409579,0 111.135406480026,-7.470444666087641,0 111.135162360855,-7.470287764068259,0 111.134666435109,-7.469992602076081,0 111.134551993681,-7.46981712995578,0 111.13446806535,-7.46960492772444,0 111.134490962989,-7.46911570102795,0 111.134429910713,-7.468626449150539,0 111.13446806535,-7.468478638377669,0 111.134597765575,-7.46840474468242,0 111.134902937022,-7.468349421987461,0 111.135261521903,-7.46827504355756,0 111.135368347872,-7.4682197208626,0 111.135818478341,-7.46773049236755,0 111.136215193577,-7.46735188767862,0 111.136665348328,-7.467009986121149,0 111.136970520674,-7.4667791913058,0 111.137115477898,-7.46656653042028,0 111.137245178124,-7.466243248426399,0 111.137283309378,-7.465948086434211,0 111.137245178124,-7.46570773991952,0 111.137054424723,-7.465467899722931,0 111.13672635294,-7.46519133391215,0 111.136535648103,-7.465107889416739,0 111.135993949562,-7.46496053729815,0 111.1358260947,-7.464831320907941,0 111.135757424267,-7.46453567597984,0 111.135597209145,-7.46386190839954,0 111.135589593686,-7.46340938483443,0 111.135550176401,-7.46284515557867,0 111.135543820892,-7.462754211636781,0 111.135414121565,-7.4625601460331,0 111.135040277888,-7.46227402672415,0 111.1347427219,-7.462098553704481,0 111.134399394917,-7.46197888991307,0 111.134033193678,-7.46194216070139,0 111.133598321107,-7.46196982204883,0 111.133399951348,-7.46203467216158,0 111.133308382377,-7.462136226304981,0 111.133254993224,-7.462634546945999,0 111.133140550897,-7.46346565181759,0 111.132980336674,-7.463705974050641,0 111.132659882149,-7.46405691739205,0 111.132095333634,-7.46435210366587,0 111.131752004852,-7.46438022456695,0 111.131607025145,-7.46426005175924,0 111.1315532286,-7.46412692781466,0 111.131439194564,-7.46384474034172,0 111.131523121096,-7.463355511846579,0 111.131957993667,-7.46265359998284,0 111.132186879222,-7.462108564957461,0 111.132385248981,-7.46153637580229,0 111.132362375624,-7.461314648851179,0 111.132202136221,-7.4610652587539,0 111.131973251565,-7.46088071966873,0 111.131530739253,-7.46063181340664,0 111.13103483599,-7.460548851847241,0 111.130447365554,-7.4605307179175,0 111.130111702594,-7.46064134082442,0 111.129661547843,-7.46094605181802,0 111.129058822208,-7.4611959248513,0 111.128746032604,-7.461121984391239,0 111.128677363071,-7.46090980913956,0 111.128723134966,-7.460364772315619,0 111.128890990728,-7.45992180134922,0 111.129127078953,-7.4595355434298,0 111.129455539243,-7.45899815893707,0 111.129608137107,-7.45859189200142,0 111.129913333734,-7.457954853632791,0 111.130088804955,-7.45769639567126,0 111.130256636436,-7.457612978155611,0 111.130385056926,-7.457595408100781,0 111.130661019292,-7.45755765276264,0 111.130996705634,-7.457511397931831,0 111.131065375168,-7.457382180642331,0 111.131057710246,-7.45702214515504,0 111.130970064118,-7.45662810630123,0 111.130945455969,-7.45652634711242,0 111.130900013226,-7.456396011066291,0 111.130538936324,-7.45536039496541,0 111.130195608442,-7.4542894031326,0 111.130004853242,-7.4534954618453,0 111.12973879511,-7.45306057668347,0 111.129626019226,-7.452925976951481,0 111.129440305627,-7.452747778086659,0 111.129142751438,-7.4526095163153,0 111.128837578193,-7.45244308777742,0 111.128684979429,-7.45229576083992,0 111.128623949637,-7.452138375884541,0 111.128540045588,-7.45170447098373,0 111.12841032198,-7.45152945841698,0 111.128242491399,-7.45148322606925,0 111.128067018379,-7.45152945841698,0 111.127815235186,-7.451787913680479,0 111.127593991171,-7.45201870939511,0 111.127380364413,-7.45205589905971,0 111.127174375598,-7.451982003565801,0 111.126953492211,-7.45174358070089,0 111.126892078408,-7.451677291672839,0 111.126708965647,-7.451335874849939,0 111.126480080093,-7.45096679488086,0 111.126296990715,-7.450883810838381,0 111.125974126006,-7.45080083668843,0 111.125686646922,-7.45072695738238,0 111.125469911208,-7.45061950998163,0 111.125350937197,-7.45056052794521,0 111.125221236072,-7.45040365110676,0 111.125137332023,-7.45008989383273,0 111.125130072696,-7.449703917401029,0 111.125152563841,-7.44916673705442,0 111.125106792845,-7.44886204944319,0 111.124999991158,-7.44864699366308,0 111.124923704366,-7.44847343080344,0 111.124893188571,-7.448375189762359,0 111.124839776036,-7.44819780838131,0 111.124786388682,-7.44796749470331,0 111.124809001235,-7.44785329968924,0 111.124839776036,-7.44774243036805,0 111.124885525448,-7.447663749581541,0 111.124999991158,-7.447548848599661,0 111.125251750069,-7.447338558327,0 111.125324957582,-7.44726562240978,0 111.125432621719,-7.44715835937,0 111.125511173903,-7.44708010036557,0 111.125572203695,-7.446904629144551,0 111.125564563055,-7.44653506713884,0 111.125489364444,-7.446377133597039,0 111.125397566146,-7.446198173006419,0 111.125305162604,-7.44601819977935,0 111.125101837581,-7.44567698890113,0 111.124999991158,-7.445506072746209,0 111.12487790819,-7.44538541700259,0 111.124755850403,-7.445206608397421,0 111.124534580308,-7.44499203735178,0 111.124374366085,-7.44477746630623,0 111.124289824417,-7.44453471410495,0 111.1242523056,-7.44442698071972,0 111.124237048602,-7.44429822478243,0 111.124259922858,-7.44418711893959,0 111.12435149093,-7.444112257573781,0 111.124473551414,-7.444068879674279,0 111.124687201554,-7.4440760373784,0 111.124855033934,-7.444086991120931,0 111.124999991158,-7.444142796751889,0 111.125342119344,-7.44435815380497,0 111.125427223089,-7.4444117237213,0 111.125663748384,-7.444467023033899,0 111.125854478403,-7.44440268103808,0 111.126109313895,-7.44414208358948,0 111.126159649849,-7.44395922443783,0 111.126159649849,-7.44344684289664,0 111.126068106059,-7.442703694419129,0 111.125869735401,-7.44198366931008,0 111.125511173903,-7.44115254105613,0 111.125335702682,-7.440681906943651,0 111.125268916329,-7.44012494780732,0 111.125267032249,-7.4395646827631,0 111.125221236072,-7.43947263085638,0 111.124999991158,-7.439338166922079,0 111.124893188571,-7.439303832605,0 111.124725334608,-7.439296215347251,0 111.124519347591,-7.43932673204219,0 111.124298078395,-7.43942543263682,0 111.123985266308,-7.43963857735763,0 111.123725864958,-7.439722503889669,0 111.123474106046,-7.439768275784471,0 111.123201999074,-7.43971276243323,0 111.123062132013,-7.43959328839874,0 111.122940049045,-7.43941065857423,0 111.122833223076,-7.43909927191306,0 111.122749319027,-7.43858953887533,0 111.122680648594,-7.437859506110511,0 111.122654806575,-7.43765338239686,0 111.122608150647,-7.43728126092065,0 111.122612003342,-7.43688627328205,0 111.122665391596,-7.43677992934946,0 111.122749319027,-7.436642613664941,0 111.122879019252,-7.436505754835959,0 111.123237605032,-7.436209167418319,0 111.123565675017,-7.4359201945605,0 111.123733505598,-7.43569943707851,0 111.123936335095,-7.43533277178918,0 111.123992906049,-7.435091000748311,0 111.124008163947,-7.43482490394531,0 111.123971065114,-7.43459557412565,0 111.123946572977,-7.434444170561199,0 111.123931877155,-7.43435332734337,0 111.123802176031,-7.43395039599322,0 111.123756010233,-7.43385604182207,0 111.123649578167,-7.4336385245974,0 111.123597590158,-7.433535002737331,0 111.123489389125,-7.43331954675885,0 111.123245221391,-7.43297716316475,0 111.123016360118,-7.43269583184634,0 111.122901894408,-7.432475530320689,0 111.122817990359,-7.432117911311801,0 111.122779777266,-7.4318423095741,0 111.122772217565,-7.43158576357135,0 111.122840887998,-7.43128915187205,0 111.122942872916,-7.4307629540463,0 111.122955306044,-7.43058965738599,0 111.122941227157,-7.43037885629838,0 111.122917175688,-7.43019386035759,0 111.122828784022,-7.42998256734082,0 111.122764576925,-7.42982908544314,0 111.122725441127,-7.429744984442661,0 111.122665391596,-7.42961593982296,0 111.12254333201,-7.42940327983663,0 111.122230519924,-7.42900796574424,0 111.122009251627,-7.4287190189668,0 111.121940604576,-7.42858977739549,0 111.121803263711,-7.42824741808303,0 111.121597277593,-7.427813971836581,0 111.121495427573,-7.427575664084829,0 111.121421804574,-7.42740340074559,0 111.121208176917,-7.42683312085099,0 111.121037151045,-7.42637045113459,0 111.121269251676,-7.42629591172617,0 111.121548126946,-7.42595815064733,0 111.121581319124,-7.425753021583901,0 111.12147055862,-7.42544040914672,0 111.121413049674,-7.425289190842709,0 111.121244264912,-7.425133733134489,0 111.121156858004,-7.42506555373157,0 111.120996758894,-7.42500168208111,0 111.120410492651,-7.42466079405957,0 111.120323176574,-7.42454432016344,0 111.120136730926,-7.424239343869799,0 111.12005009114,-7.42414298690854,0 111.119982997219,-7.424069670578029,0 111.119909543292,-7.42399337209565,0 111.119796735032,-7.423898188749639,0 111.119532664402,-7.42371346800135,0 111.119438174433,-7.42364737412626,0 111.119155876344,-7.42342707080188,0 111.119064014194,-7.42332656077136,0 111.119032614365,-7.423195081686851,0 111.119026176118,-7.42300124181301,0 111.119071948013,-7.422749966736801,0 111.119163516984,-7.42249150967464,0 111.119300833568,-7.42224833389273,0 111.119590748016,-7.4218296617087,0 111.119842531209,-7.42146488679434,0 111.119941717437,-7.42123648597421,0 111.119956950154,-7.42107673040597,0 111.119929399423,-7.42096723794687,0 111.119880664262,-7.42086407041973,0 111.119699693687,-7.42064120132952,0 111.119483922046,-7.4204001092768,0 111.119117719908,-7.42001243582444,0 111.118843064257,-7.41968533261121,0 111.118690488876,-7.41944977408697,0 111.118629435701,-7.41927476241959,0 111.118629435701,-7.41915318577004,0 111.118690488876,-7.4189629153055,0 111.118789674205,-7.418773153857171,0 111.118980379042,-7.41846892400084,0 111.119088800409,-7.41834280757367,0 111.119273484285,-7.4181289478918,0 111.119590748016,-7.41777653775624,0 111.119720448241,-7.417578676114229,0 111.119804375672,-7.41737363158701,0 111.119842703879,-7.417057915589491,0 111.119812016313,-7.41688677280554,0 111.119644162349,-7.4166283409244,0 111.119338990003,-7.41633172832583,0 111.119140618446,-7.416103810441711,0 111.118934608047,-7.41574619143281,0 111.118690488876,-7.415297489087049,0 111.118579171693,-7.4150089748835,0 111.118499734576,-7.414780600143751,0 111.118438729964,-7.414453471749509,0 111.118442517909,-7.41435907441095,0 111.118446346323,-7.41426368601945,0 111.118499734576,-7.41414162643408,0 111.118591305346,-7.41401241004387,0 111.118839612659,-7.41373225773665,0 111.119163516984,-7.41347262166339,0 111.119438174433,-7.41322132230535,0 111.119720448241,-7.41290183455123,0 111.119888303104,-7.41270397290923,0 111.120025620587,-7.412437876106319,0 111.120149557057,-7.41207426761261,0 111.120223990346,-7.411791286038261,0 111.120239965003,-7.411391230719879,0 111.120254505242,-7.41098542513643,0 111.120231607604,-7.410825716333,0 111.120170576912,-7.41069647656034,0 111.120056134584,-7.41062780612753,0 111.119857763926,-7.41054436163213,0 111.119674676346,-7.41048381477545,0 111.119560208838,-7.41036221744156,0 111.119488166846,-7.41013385888967,0 111.119476305688,-7.410027472688929,0 111.119529718223,-7.40990589693875,0 111.119645035591,-7.409702765269581,0 111.119850147567,-7.40941901387564,0 111.119971851021,-7.4092849069721,0 111.120231607604,-7.409046138767521,0 111.12037352422,-7.40896606043448,0 111.120567318228,-7.40892453783632,0 111.120887747573,-7.40890164199635,0 111.121520989903,-7.4089087979019,0 111.121788030994,-7.4089087979019,0 111.122150560301,-7.40899253287828,0 111.122413632684,-7.40905329557235,0 111.122886659892,-7.40915963680702,0 111.123237605032,-7.409220183663791,0 111.123756378955,-7.40925069766072,0 111.123962391152,-7.40924305791997,0 111.124114394565,-7.40920506066422,0 111.124202369845,-7.409183070441521,0 111.124282821396,-7.40911335769447,0 111.124397263724,-7.408984165586,0 111.124435394979,-7.40880151237913,0 111.124435394979,-7.40863462338841,0 111.124343874571,-7.40852018195999,0 111.124084451637,-7.40829990471607,0 111.123542777378,-7.40782114612819,0 111.123367305258,-7.40766141484168,0 111.123184191598,-7.40735718588463,0 111.123191808856,-7.40715952928803,0 111.123275736287,-7.40705295692758,0 111.123466490587,-7.40702244203128,0 111.124053935842,-7.406999567775021,0 111.124328593291,-7.406946154340719,0 111.124397263724,-7.4068779677432,0 111.124443037417,-7.406725853714359,0 111.12442777862,-7.406581356043909,0 111.124356546918,-7.40649825239168,0 111.12417601791,-7.40638346832161,0 111.123972454566,-7.40633286796668,0 111.123840331567,-7.40630002472558,0 111.123367305258,-7.40620893959014,0 111.123180383869,-7.406098570292,0 111.1231689337,-7.40593524981112,0 111.123245221391,-7.40576787788441,0 111.123374921616,-7.40557001534312,0 111.123606542909,-7.40535987975384,0 111.123970032692,-7.405166601056969,0 111.124214175245,-7.405075515921529,0 111.124603249841,-7.40499922913034,0 111.124958026992,-7.40495917512507,0 111.12579344861,-7.405065020833269,0 111.126197806285,-7.405116524107451,0 111.126373279304,-7.405075032086249,0 111.127063544948,-7.404636302322709,0 111.1275024222,-7.40417049307296,0 111.127822876725,-7.40374848440424,0 111.127937318154,-7.40324494140014,0 111.12785948273,-7.40288933057731,0 111.127784696008,-7.4025868903719,0 111.12779236093,-7.40243289136404,0 111.127914421414,-7.40228887483094,0 111.128166204608,-7.40216539071938,0 111.128936764421,-7.40199037815263,0 111.129295348403,-7.40181587280344,0 111.129444419126,-7.40170555836399,0 111.129531850316,-7.401640859337321,0 111.129646290845,-7.40148637559499,0 111.129639527943,-7.40133137564167,0 111.12958523767,-7.40116785731,0 111.129502533316,-7.40110096933351,0 111.129325863299,-7.40102381829373,0 111.128929121982,-7.400993326779789,0 111.128593433841,-7.400911286126139,0 111.128440861158,-7.40082880840194,0 111.128379807083,-7.40070578204537,0 111.128463736313,-7.40051026493593,0 111.128868093089,-7.40021227367671,0 111.129196163073,-7.39991375181739,0 111.129310605401,-7.39972872799757,0 111.129280066223,-7.39957472809043,0 111.129135108999,-7.39932773198846,0 111.128936764421,-7.39923521962891,0 111.128730751324,-7.39919421234219,0 111.128089892635,-7.39919469437882,0 111.127754205393,-7.39913318075085,0 111.127462239592,-7.398988141688579,0 111.127349848618,-7.39881417863066,0 111.127388004154,-7.3986706225504,0 111.127754205393,-7.39835164471185,0 111.127998347946,-7.397909617134291,0 111.128150923328,-7.39765260887997,0 111.128181437325,-7.39754960413008,0 111.128112791173,-7.397066541386939,0 111.128120408431,-7.396953549665811,0 111.128181437325,-7.396850544915921,0 111.128646848174,-7.396480521558009,0 111.128860476731,-7.3961205121511,0 111.129165648177,-7.395585970415429,0 111.129302962962,-7.39548298904791,0 111.12949369388,-7.39548298904791,0 111.12968615959,-7.39556751272974,0 111.130058266677,-7.395842540699911,0 111.130351196552,-7.39609301537958,0 111.130622861957,-7.396202527623741,0 111.130790694336,-7.39619203343476,0 111.130989064095,-7.396048043881319,0 111.131103507322,-7.39585252677188,0 111.131210333291,-7.395492999401609,0 111.131416319409,-7.394587974754381,0 111.131645204963,-7.394022436985061,0 111.131767263649,-7.39387842314989,0 111.131973251565,-7.39375539589404,0 111.132168819936,-7.39369144959991,0 111.132698037685,-7.39351841104505,0 111.133224478328,-7.393322917317979,0 111.133408642396,-7.393178511378419,0 111.133499136677,-7.393004374751251,0 111.133468620881,-7.39270636010967,0 111.13341174056,-7.3925594063907,0 111.133285533302,-7.39223333200187,0 111.133235117308,-7.391922919306499,0 111.133258699331,-7.39161773167214,0 111.133270251122,-7.39149328798407,0 111.133499136677,-7.39106126896165,0 111.133964524145,-7.39054723176857,0 111.134170533644,-7.390423745858361,0 111.134735106441,-7.39022822874893,0 111.135818478341,-7.38984771300077,0 111.136116034329,-7.38959070744438,0 111.136283842426,-7.38932320590044,0 111.136375409599,-7.38877819605608,0 111.136427231233,-7.38847680086283,0 111.136520365923,-7.38793512210738,0 111.13663480915,-7.38782213038624,0 111.136993394031,-7.387740087933861,0 111.137215281061,-7.38768131094294,0 111.137344362553,-7.387647116920129,0 111.137471961063,-7.387447167951631,0 111.137511426013,-7.38719450881873,0 111.137557965928,-7.38689655443161,0 111.137612903714,-7.38655301700732,0 111.137648819039,-7.38632842481617,0 111.137664791898,-7.38622854161313,0 111.137771593585,-7.38608452777796,0 111.137947066605,-7.385971511775,0 111.138351425179,-7.385909538593481,0 111.139053336144,-7.385775535112009,0 111.139175395729,-7.38570352729515,0 111.139251683419,-7.38553903229966,0 111.139228994424,-7.38525380331958,0 111.139137263575,-7.385014961370609,0 111.138969409612,-7.384922475091349,0 111.138809170208,-7.38489196109433,0 111.138534511859,-7.384912438657261,0 111.138145437263,-7.384922958027259,0 111.137977582401,-7.3848609605641,0 111.137817366379,-7.38468645701356,0 111.137664791898,-7.38442942537687,0 111.137588505106,-7.38416238608441,0 111.137626637261,-7.383853876354561,0 111.137878396172,-7.38317532078363,0 111.137931940907,-7.38294994708162,0 111.137855521916,-7.38281533385971,0 111.137733438049,-7.38281533385971,0 111.137489320677,-7.382877330423601,0 111.136940004878,-7.383041825419089,0 111.136802664912,-7.382990322144821,0 111.136711120223,-7.38286729488897,0 111.136535648103,-7.38237378831887,0 111.136482211286,-7.3819112310177,0 111.136473629955,-7.3817863313733,0 111.136444079132,-7.38135620902098,0 111.13645169639,-7.38104769929104,0 111.136563331034,-7.38072680499724,0 111.136627748573,-7.38064247107233,0 111.136759207872,-7.380479829579701,0 111.136940004878,-7.38025615289834,0 111.137039191107,-7.3798756371501,0 111.137062066262,-7.37919708067998,0 111.137115477898,-7.37896057966627,0 111.137209294275,-7.37885757401702,0 111.137351978912,-7.37885757401702,0 111.137557965928,-7.378929581833881,0 111.137969964244,-7.379094099312449,0 111.138198848899,-7.37906310058078,0 111.138618463572,-7.37890859255672,0 111.13908385104,-7.378610578814329,0 111.139189053733,-7.37853420478891,0 111.139579753404,-7.37825056581021,0 111.140022266615,-7.377798044043661,0 111.140098554306,-7.377572012037921,0 111.140144349583,-7.37678048902759,0 111.140235894272,-7.37648196536962,0 111.14044952103,-7.37617345743833,0 111.140922524856,-7.37577243534884,0 111.141063349695,-7.37567296763255,0 111.141708341668,-7.375217390869039,0 111.142071585037,-7.37500221727774,0 111.142486566403,-7.37475679229136,0 111.142790453618,-7.37459936236981,0 111.142936695073,-7.374523601682051,0 111.143157939089,-7.37432905404183,0 111.143211353422,-7.374186489014491,0 111.143196096424,-7.37395329930455,0 111.143051137401,-7.37375923280159,0 111.142822251847,-7.37362953257601,0 111.142524697658,-7.37356516629863,0 111.142250039309,-7.37360378228797,0 111.141914352067,-7.373655745115701,0 111.141654951616,-7.37363001641129,0 111.141494739192,-7.37353941601042,0 111.141433685118,-7.37340971578493,0 111.141471838855,-7.37322851228517,0 111.141609179721,-7.3730210998431,0 111.141937250605,-7.372762158945669,0 111.14260862419,-7.37224384187898,0 111.143264765058,-7.371777004704191,0 111.143470005637,-7.37151414995725,0 111.143730151626,-7.371180975420839,0 111.144103995304,-7.37061115597926,0 111.144500577441,-7.37004010266777,0 111.145301810431,-7.368848768954669,0 111.145393354221,-7.36864183944852,0 111.145469665294,-7.36833091144162,0 111.145454383114,-7.36781259527421,0 111.145400993962,-7.36739822814489,0 111.145301810431,-7.3672556649162,0 111.145118695872,-7.367242801013641,0 111.145011894185,-7.36730762684474,0 111.144828782324,-7.36747594305949,0 111.144622795307,-7.36764428085812,0 111.144310006603,-7.367709130970779,0 111.143997169335,-7.367670491599081,0 111.143737793166,-7.36751506536719,0 111.143640082725,-7.36732736516497,0 111.143585195302,-7.3670620579668,0 111.143608068659,-7.366802658415181,0 111.143698946051,-7.36649414868524,0 111.143753025882,-7.36631055208945,0 111.143834839008,-7.36604336081164,0 111.143911370414,-7.365793419429999,0 111.14405058187,-7.36533876986756,0 111.144158896217,-7.36495876763219,0 111.144105572715,-7.36477173832424,0 111.143943780182,-7.364652597938239,0 111.143547038866,-7.36452289681337,0 111.142700168879,-7.36432883031042,0 111.142196651056,-7.3641738627328,0 111.14198661709,-7.3639913057534,0 111.141868581071,-7.3638887119936,0 111.141736682903,-7.363550896056249,0 111.14171600569,-7.363176305940969,0 111.141761777585,-7.362787689099769,0 111.141868581071,-7.36256741185577,0 111.142036435934,-7.362438170284551,0 111.14233396764,-7.362321333961621,0 111.142662036725,-7.362307988022421,0 111.143257124418,-7.36237283813517,0 111.143661506374,-7.36235949039732,0 111.143852212111,-7.362281752999731,0 111.144016765562,-7.36217320392938,0 111.14412686956,-7.3621005737817,0 111.144256567987,-7.36193223508379,0 111.144363393956,-7.361543643423609,0 111.144515993619,-7.3607272874336,0 111.144603153214,-7.36007334540782,0 111.144630409867,-7.35974261702732,0 111.144584663153,-7.35961337455682,0 111.144477837184,-7.35949656431418,0 111.144233670349,-7.35939309911147,0 111.144035348254,-7.35938021182654,0 111.14377592442,-7.359432198036721,0 111.143592835042,-7.3595876242686,0 111.143363950387,-7.35983367698183,0 111.143074011657,-7.36019656691726,0 111.142753582313,-7.360766869294761,0 111.142463691247,-7.361103499925779,0 111.142127980623,-7.3612589504394,0 111.141761777585,-7.3612851845628,0 111.141464224296,-7.36127232155961,0 111.141313091427,-7.36112863058103,0 111.141281108837,-7.36098714743814,0 111.141258212098,-7.36057277940945,0 111.141328205433,-7.36015673144723,0 111.141517635931,-7.35974356041615,0 111.141830426434,-7.35925145498988,0 111.142021178036,-7.35897919063633,0 111.142555211655,-7.35833163379707,0 111.142753582313,-7.358007408414351,0 111.14279173695,-7.357722740611149,0 111.142723067417,-7.357593040385749,0 111.142501824301,-7.35751530298798,0 111.142039338046,-7.35736618999687,0 111.141812601871,-7.35731973191931,0 111.141555767186,-7.35726973411013,0 111.141395552064,-7.35715289688792,0 111.141311648914,-7.35694596738168,0 111.141311648914,-7.35677762778448,0 111.141502354651,-7.35623307569502,0 111.141609179721,-7.355999912065461,0 111.141761777585,-7.355520693924021,0 111.141761777585,-7.35526175392604,0 111.141654951616,-7.35473057385607,0 111.141479481294,-7.3542256054266,0 111.140907266958,-7.35335777044397,0 111.140563964257,-7.352735941409749,0 111.140556322717,-7.35238644687617,0 111.140709991674,-7.35206076369246,0 111.141006453186,-7.35160919071078,0 111.141502354651,-7.350948310415411,0 111.14189147871,-7.350377983756079,0 111.142135621263,-7.34943243475823,0 111.142395021714,-7.34869381796455,0 111.14287566618,-7.347670531568931,0 111.143005341225,-7.34717796838775,0 111.142951952072,-7.3468155622876,0 111.142539978039,-7.34577938860705,0 111.142112723624,-7.344768967912741,0 111.142091617435,-7.34468157539356,0 111.141677851053,-7.34296842355309,0 111.141581959941,-7.34208960515033,0 111.141525253189,-7.34156987075214,0 111.141578665724,-7.3409089670744,0 111.141807526097,-7.34020944740732,0 111.142105082085,-7.339535679826921,0 111.142471309404,-7.33910796495976,0 111.142753582313,-7.33839555800775,0 111.142929054433,-7.33782576284789,0 111.14297485061,-7.33684109334098,0 111.142806994848,-7.33596034679178,0 111.142540930421,-7.335340125745439,0 111.142452218596,-7.3351015679822,0 111.14247142092,-7.33480778644941,0 111.142486566403,-7.334541286750129,0 111.142440793609,-7.334392510105441,0 111.142494181862,-7.334295717872269,0 111.142623882088,-7.334196049607251,0 111.142768839312,-7.334040137741349,0 111.142806994848,-7.333918538608899,0 111.142761222953,-7.333713012045039,0 111.142646779726,-7.33344169108041,0 111.142524697658,-7.3333124746902,0 111.142028795294,-7.33289525401193,0 111.141975381859,-7.33275648682157,0 111.141982999117,-7.33257482376834,0 111.142051670449,-7.33242984406126,0 111.142242422951,-7.33219667773368,0 111.142669678264,-7.3316983813744,0 111.143119808733,-7.33116766175734,0 111.143363950387,-7.33078475201387,0 111.143814079957,-7.330258333854229,0 111.143867494291,-7.33006378531464,0 111.143821697215,-7.32986969542932,0 111.143676739091,-7.32939047638861,0 111.143527973238,-7.329069806025899,0 111.143585195302,-7.32893152087217,0 111.143798822059,-7.32889602642968,0 111.144064667951,-7.32894113732283,0 111.144164049332,-7.32895128976945,0 111.144271850167,-7.32896230196789,0 111.144477837184,-7.32887931792541,0 111.145439150398,-7.32834765491952,0 111.145629855235,-7.32809778098695,0 111.145774835841,-7.327900377999219,0 111.146072368446,-7.32750269329387,0 111.146489440736,-7.327132005337009,0 111.146827766589,-7.32681238358386,0 111.146911622075,-7.32657571709487,0 111.147247309317,-7.32524774308811,0 111.147247309317,-7.32488722286617,0 111.147521965867,-7.32460780260724,0 111.147689823428,-7.32447096985855,0 111.148193340351,-7.32436939143342,0 111.148681624558,-7.32414768696539,0 111.149070725235,-7.3239531123455,0 111.149276712252,-7.32386060088523,0 111.149398796119,-7.3237447313335,0 111.149436951655,-7.32321976467962,0 111.14957426734,-7.32280012662376,0 111.14994049286,-7.32229706835423,0 111.150032014167,-7.32217164800235,0 111.149986266554,-7.32195564973268,0 111.149787894996,-7.32158896375883,0 111.149475082011,-7.32109922984478,0 111.149398796119,-7.3209352177853,0 111.149421668576,-7.3208479538692,0 111.149719224564,-7.32085366006756,0 111.149993882013,-7.32088799528392,0 111.150173175353,-7.32084246530671,0 111.150306671617,-7.32075304841362,0 111.150528998416,-7.32061044381615,0 111.150619507985,-7.320496067139051,0 111.150573712708,-7.320187533127369,0 111.150543196912,-7.32004351839284,0 111.150711052674,-7.31977125583794,0 111.150855987415,-7.319541426894499,0 111.150871266896,-7.3192415020928,0 111.150901782692,-7.31911750896503,0 111.151123026707,-7.318829987612971,0 111.151397685056,-7.31873604892867,0 111.151588436658,-7.31873556599276,0 111.151824938571,-7.31864926884786,0 111.152267452682,-7.31817005070643,0 111.152343738574,-7.3178987297418,0 111.152358995572,-7.31778617329248,0 111.15245815662,-7.31772083934445,0 111.152572624128,-7.31769653876344,0 111.152656528177,-7.31758067101036,0 111.152633653921,-7.317244269706481,0 111.152755714406,-7.31712623638585,0 111.152885437114,-7.316895440671219,0 111.152954083265,-7.316766683834559,0 111.153129556285,-7.31681153842092,0 111.153221124356,-7.31684681612692,0 111.153312668146,-7.316747146962439,0 111.153495780907,-7.31646630037868,0 111.153610224134,-7.3163470934428,0 111.153854342405,-7.31641813358919,0 111.153961168374,-7.3164610528345,0 111.154045096705,-7.31638570943214,0 111.154106125598,-7.316112962142669,0 111.1540908686,-7.31594462344485,0 111.153961168374,-7.315645204961419,0 111.154045096705,-7.31531522481696,0 111.154045096705,-7.31485075555711,0 111.154045096705,-7.3146586243952,0 111.154151899292,-7.31440396337146,0 111.154289239258,-7.31426188397797,0 111.154594410705,-7.314338652805799,0 111.154693596034,-7.3143462943452,0 111.154823297158,-7.314222302116709,0 111.154869069053,-7.31399580965806,0 111.154945354945,-7.313808417024019,0 111.155143727402,-7.31357904943279,0 111.155312865597,-7.313382737322669,0 111.155226286965,-7.3132942827042,0 111.154792782262,-7.31300635216061,0 111.153526296702,-7.31228966533499,0 111.153184033617,-7.312119738434349,0 111.152908311371,-7.312012639071199,0 111.152778612044,-7.31192203687168,0 111.152732814969,-7.311789025342419,0 111.152470507909,-7.31141326610856,0 111.152366637112,-7.31126446967871,0 111.152427666904,-7.311078986305339,0 111.152465799058,-7.31092162563169,0 111.151985177975,-7.31068988742751,0 111.151618939863,-7.31065174358227,0 111.151390066899,-7.31075855786041,0 111.151313780108,-7.31066415962247,0 111.151123026707,-7.31051441440793,0 111.14954545486,-7.30979934366398,0 111.149459850193,-7.309760538817,0 111.148681624558,-7.30934520491648,0 111.147430396896,-7.30861231770352,0 111.147003165864,-7.3083433916334,0 111.146896339895,-7.30820605076778,0 111.146270738205,-7.308129739694949,0 111.145950308861,-7.308139773431011,0 111.14473753531,-7.30788260869466,0 111.143745408625,-7.30774685513249,0 111.143598837118,-7.30773524038821,0 111.14297485061,-7.30768580015879,0 111.142395021714,-7.30754371986602,0 111.142082185346,-7.30737538206747,0 111.141807526097,-7.30705163782201,0 111.141448964599,-7.3064169457846,0 111.141136177694,-7.3053445510094,0 111.140790980121,-7.304490749947281,0 111.1403503366,-7.30378909439033,0 111.139923081286,-7.30317778292755,0 111.139312736595,-7.30253167669477,0 111.138267520231,-7.30124565516204,0 111.137641894259,-7.30041689392373,0 111.137268050581,-7.299885714753129,0 111.137167343599,-7.29955450793338,0 111.137107837258,-7.29887243961058,0 111.137023908927,-7.298056568355141,0 111.137023908927,-7.29748626597755,0 111.137077323261,-7.29708478613316,0 111.137283309378,-7.29637237828187,0 111.137400336358,-7.296029591791391,0 111.137512194034,-7.29570194808562,0 111.137809723941,-7.294911343283021,0 111.137985222141,-7.29377172958085,0 111.138191209158,-7.2937016328233,0 111.138389578917,-7.29355902103115,0 111.138687134904,-7.29310889056207,0 111.138748164697,-7.29293008285627,0 111.138885505563,-7.292559117908181,0 111.139076211299,-7.29212518782636,0 111.139205909726,-7.2919411316771,0 111.139579753404,-7.29174561366839,0 111.139953595283,-7.29157490705554,0 111.140647867406,-7.29130692167623,0 111.140792848912,-7.29123636716387,0 111.140853854423,-7.29113860815942,0 111.140815724067,-7.29079767337315,0 111.140861520244,-7.29043480771945,0 111.140922524856,-7.29026886391613,0 111.141021710185,-7.290165398713409,0 111.141220079944,-7.29011387205678,0 111.14142988818,-7.289986564927229,0 111.141273493378,-7.28982968629022,0 111.141021710185,-7.28958699614215,0 111.140892009959,-7.28946394370529,0 111.140838621706,-7.28926608296256,0 111.140853854423,-7.28887744183964,0 111.140960680392,-7.288429222429869,0 111.140991195289,-7.28788706433572,0 111.140632610408,-7.28734251404499,0 111.140411367292,-7.286798445790809,0 111.140281666167,-7.28603407691035,0 111.1401595823,-7.28537222984378,0 111.140158980654,-7.285172517396931,0 111.140007008718,-7.28483389296897,0 111.13989256639,-7.2846083196175,0 111.139854409954,-7.284316506700651,0 111.139877307593,-7.284167716566039,0 111.140106168866,-7.283751923111971,0 111.140274036319,-7.28352853781096,0 111.141549458442,-7.28261864693214,0 111.142684936162,-7.28228851839963,0 111.143005341225,-7.28216454865422,0 111.143234224981,-7.28200718798049,0 111.143436222605,-7.28181151798632,0 111.143692021271,-7.28156373138025,0 111.143890367647,-7.28136630411087,0 111.144012450615,-7.28109498404543,0 111.144126868661,-7.280413115372169,0 111.144111635045,-7.27978417809649,0 111.144119252303,-7.27968259877216,0 111.144287108065,-7.27952238275091,0 111.144622795307,-7.279370752557359,0 111.14485929722,-7.27932306870387,0 111.145050026339,-7.27934548430586,0 111.145278910994,-7.2794823413362,0 111.145477281652,-7.279640186744409,0 111.145744320945,-7.27971550676441,0 111.146308870359,-7.27973410114706,0 111.14657591235,-7.279693575896971,0 111.146774281209,-7.27959390673258,0 111.147132842708,-7.27921481730918,0 111.147283412601,-7.278983240982971,0 111.147483810331,-7.27867502982797,0 111.148231494989,-7.27724165707602,0 111.14839171011,-7.27699038199971,0 111.148963924447,-7.27653788181697,0 111.14910885559,-7.27639672063138,0 111.149261480434,-7.27607962777186,0 111.149597165878,-7.27496813497068,0 111.149742123102,-7.2745294177976,0 111.149883260005,-7.274304351663701,0 111.150123582239,-7.274102645419901,0 111.15028379736,-7.27397916040915,0 111.150421139125,-7.273722129671739,0 111.150451653122,-7.27339023936726,0 111.150405856046,-7.27304074573296,0 111.150184636313,-7.272570570274839,0 111.150140899584,-7.27248957912994,0 111.150093068242,-7.27235123641967,0 111.149963367117,-7.27174135128155,0 111.149986266554,-7.27146098943225,0 111.15003967819,-7.271116718161209,0 111.150024396909,-7.270891628644941,0 111.149948110118,-7.270622217840339,0 111.149955728275,-7.27044292539989,0 111.150032014167,-7.270258870149909,0 111.150566094551,-7.2697538999217,0 111.150821675581,-7.269498792834249,0 111.150825495002,-7.26912256775152,0 111.150817854362,-7.26880213840721,0 111.15065763924,-7.26808305938484,0 111.150573712708,-7.2678379734429,0 111.150245665206,-7.26745029999054,0 111.149932827939,-7.267055493115701,0 111.149749740359,-7.266754116808239,0 111.149642938672,-7.26624247540912,0 111.149627655593,-7.26598879284768,0 111.149551369701,-7.26577135656199,0 111.149459850193,-7.26565976778324,0 111.149359312748,-7.26554221276829,0 111.149352999043,-7.26553483036727,0 111.148895146476,-7.26485989511252,0 111.148696881557,-7.264500592027941,0 111.148668929387,-7.26435974695028,0 111.149061485345,-7.26407893223927,0 111.149285533616,-7.26389486564563,0 111.14944253714,-7.263417160029119,0 111.1494334623,-7.2633030476,0 111.149433402,-7.2631229359,0 111.1493347077,-7.2625826304,0 111.1496629018,-7.2619603148,0 111.1498597661,-7.2614035382,0 111.1500401117,-7.2605847838,0 111.1503191416,-7.2602244659,0 111.1508281822,-7.2602734169,0 111.1511730884,-7.260502539,0 111.1515179406,-7.2606006676,0 111.1518805221,-7.260595098999999,0 111.1525100367,-7.2603523459,0 111.1530189936,-7.2601556884,0 111.153298038,-7.2598444924,0 111.1535113994,-7.2595496893,0 111.1537575807,-7.259189381300001,0 111.1540037378,-7.2587799532,0 111.1545455146,-7.2585177829,0 111.1549067246,-7.258403045600001,0 111.1554054499,-7.258215660999999,0 111.1557276113,-7.2580589137,0 111.1562696291,-7.2585008217,0 111.1566638047,-7.258762668300001,0 111.1572331376,-7.258618012300001,0 111.1581012837,-7.258405052000001,0 111.1585972913,-7.2581092883,0 111.1589386128,-7.2581264042,0 111.1596611794,-7.2580161401,0 111.1601372877,-7.2581259833,0 111.160679176,-7.2581912849,0 111.1613032623,-7.2585512889,0 111.1617959523,-7.258780350699999,0 111.1618781297,-7.2589931834,0 111.161963871,-7.259225693200001,0 111.1620337753,-7.2597217359,0 111.1621266061,-7.2600216283,0 111.1623004639,-7.2603906768,0 111.1624277989,-7.2605059456,0 111.1629131612,-7.2605647019,0 111.163283484,-7.2603783462,0 111.1633644032,-7.2603436692,0 111.1635840923,-7.2602973424,0 111.1643580354,-7.2602530796,0 111.1646249973,-7.2603426467,0 111.1650414842,-7.2604807538,0 111.1655979739,-7.2607984006,0 111.1660741451,-7.2607491079,0 111.166796557,-7.260552356,0 111.16694994,-7.2606868676,0 111.1672507893,-7.2608366047,0 111.1675518311,-7.2611709367,0 111.1676099228,-7.2614247074,0 111.1676448839,-7.261678497,0 111.167679881,-7.261966896999999,0 111.1677842806,-7.2622667777,0 111.1678975412,-7.2627787941,0 111.1680619211,-7.263253575899999,0 111.1682918913,-7.263482723099999,0 111.1687024201,-7.2635316948,0 111.1690800256,-7.2633678159,0 111.1695397402,-7.2632202767,0 111.1700407561,-7.2634763281,0 111.1706653838,-7.2635796467,0 111.1708387641,-7.2634872063,0 111.1713822892,-7.263452146200001,0 111.1718100418,-7.2633018083,0 111.1725153567,-7.263151240200001,0 111.1729779868,-7.263173931,0 111.173324832,-7.2630698084,0 111.173972271,-7.2628731366,0 111.1742828006,-7.262762940000001,0 111.1744634402,-7.2627956186,0 111.1745504424,-7.2627918954,0 111.1748082619,-7.262795487299999,0 111.1750382033,-7.2629427612,0 111.1753011722,-7.2635648663,0 111.1755147621,-7.2638922627,0 111.1757611449,-7.2640886513,0 111.1761881592,-7.2643177212,0 111.1766801261,-7.264382242999999,0 111.177050261,-7.2644280806,0 111.1777558726,-7.2645543967,0 111.1779942263,-7.2638912968,0 111.1782238906,-7.263334495999999,0 111.1785028163,-7.2627612996,0 111.1787161094,-7.2623354967,0 111.1790116212,-7.2622043872,0 111.1793958619,-7.262441712000001,0 111.1799627262,-7.2626027536,0 111.1804022627,-7.2626600674,0 111.1808067822,-7.2624174438,0 111.1811534502,-7.2621517949,0 111.1814653719,-7.2618400269,0 111.1820199371,-7.2613203833,0 111.182223209,-7.2611300751,0 111.1822723678,-7.260884448699999,0 111.1823379311,-7.2605733183,0 111.1823050006,-7.2603604731,0 111.1823376208,-7.2598037486,0 111.1826823606,-7.2596071227,0 111.1837825219,-7.2596230542,0 111.1845617674,-7.2590223178,0 111.1848509813,-7.2591028296,0 111.1853096643,-7.2597861714,0 111.1857038974,-7.2601462339,0 111.1862292544,-7.259933162,0 111.1868038483,-7.2596709404,0 111.1874072808,-7.259492897100001,0 111.1880682178,-7.2597031676,0 111.1888528862,-7.259468574,0 111.1897759638,-7.259833449700001,0 111.1900548651,-7.2592438721,0 111.1905964962,-7.258686933700001,0 111.1913267259,-7.258485767,0 111.1919161479,-7.2581276012,0 111.1925053414,-7.2575617658,0 111.1930946078,-7.2570651529,0 111.1938109349,-7.2564299816,0 111.1941808477,-7.2562796743,0 111.1946897569,-7.256325376,0 111.1950022668,-7.2565558453,0 111.1956962161,-7.2566013833,0 111.1961240173,-7.2565087091,0 111.1969216908,-7.2562311136,0 111.1975259588,-7.2559234069,0 111.1978941637,-7.2557359091,0 111.1991530194,-7.2555945941,0 111.1998826601,-7.255870883800001,0 111.1999122639,-7.2549203292,0 111.2000162004,-7.254480984300001,0 111.2002733067,-7.2542437503,0 111.2003422442,-7.2538398882,0 111.2002719001,-7.2529862014,0 111.2000864356,-7.2526056397,0 111.1996228486,-7.251717691399999,0 111.1990896442,-7.250622133699999,0 111.1991819182,-7.2504028457,0 111.1993203733,-7.250114293699999,0 111.1995627703,-7.2496987413,0 111.1997473813,-7.249317849600001,0 111.1998394737,-7.2489370416,0 111.1998043804,-7.2485794208,0 111.1997347207,-7.2483372019,0 111.1994107921,-7.248233655800001,0 111.1989364438,-7.248061019200001,0 111.1982768297,-7.2476808767,0 111.1978715889,-7.2472543606,0 111.1978134306,-7.2469544457,0 111.1978479071,-7.2467582838,0 111.1979517068,-7.2465043737,0 111.1982173099,-7.2461580241,0 111.1984600009,-7.2460078256,0 111.1989802192,-7.2458343077,0 111.1992346302,-7.2458225446,0 111.1996622137,-7.2455452728,0 111.1999511236,-7.2453604216,0 111.2003209617,-7.2451524237,0 111.2006099616,-7.2450483317,0 111.2011417811,-7.2449094116,0 111.2017892992,-7.244816536900001,0 111.2024368291,-7.244735197700001,0 111.2034197341,-7.2446535581,0 111.2038591258,-7.244595478099999,0 111.2039978112,-7.2445145931,0 111.2041134442,-7.2445029522,0 111.2047033707,-7.244617793,0 111.2049000218,-7.2446637654,0 111.2054554773,-7.2449747681,0 111.2057331987,-7.245124500699999,0 111.2059069558,-7.2453781617,0 111.2061151201,-7.2453779737,0 111.2066239646,-7.245377514200001,0 111.2066817623,-7.2453543881,0 111.207283701,-7.245861478,0 111.2074342637,-7.2460574736,0 111.2076196778,-7.246391883799999,0 111.2077818463,-7.2466224798,0 111.208036715,-7.2470145123,0 111.2080599229,-7.2470837142,0 111.208453451,-7.247371786,0 111.2085575862,-7.2474178403,0 111.2093442492,-7.247647868,0 111.2095990407,-7.2479706769,0 111.2100274624,-7.2484317728,0 111.2100853913,-7.2485240172,0 111.21020117,-7.2486392833,0 111.2106987047,-7.2488580353,0 111.2111499539,-7.2490537538,0 111.2119713947,-7.249352969100001,0 111.2127580371,-7.2495599166,0 111.2133943506,-7.249778538100001,0 111.214319904,-7.2501007266,0 111.2150369866,-7.2501577517,0 111.2160548752,-7.250318331900001,0 111.2164250407,-7.2503987502,0 111.2172697109,-7.2507786931,0 111.2176282194,-7.2507783603,0 111.2180097109,-7.2506510973,0 111.2183333382,-7.250489276,0 111.2187263132,-7.2502927786,0 111.2190500071,-7.250188644300001,0 111.2193506909,-7.2501883637,0 111.2196399848,-7.2503380774,0 111.2198600237,-7.2506032264,0 111.2202420647,-7.2509489842,0 111.2204274914,-7.2512833881,0 111.2204974164,-7.2517448078,0 111.2207868317,-7.2519983554,0 111.2212613132,-7.2522748016,0 111.2214695602,-7.25234383,0 111.2217010987,-7.252551282,0 111.2223725326,-7.2531275091,0 111.2226088753,-7.2537346558,0 111.2226513566,-7.254211739,0 111.2227673556,-7.2545115963,0 111.2228369883,-7.2547191994,0 111.2229288469,-7.254875894599999,0 111.2229992197,-7.2549959379,0 111.2233235234,-7.255410969599999,0 111.2233588119,-7.2559185713,0 111.2233823057,-7.256230052400001,0 111.2235791404,-7.2564259976,0 111.2239146711,-7.2565525897,0 111.224261795,-7.256702245899999,0 111.2241467142,-7.2571869139,0 111.2241006024,-7.257313865799999,0 111.2239388548,-7.2574524649,0 111.2237771207,-7.2576026004,0 111.2235807331,-7.2577873787,0 111.2234653258,-7.257995156299999,0 111.2234770259,-7.2581105168,0 111.2235121804,-7.2585027462,0 111.2233857349,-7.2591604834,0 111.2234090003,-7.2592758322,0 111.2235251631,-7.259714133900001,0 111.2235834202,-7.2600832678,0 111.2236995443,-7.2604869582,0 111.2238966901,-7.260948258300001,0 111.224163268,-7.261444104,0 111.2245221767,-7.2617783424,0 111.2246843451,-7.2619973939,0 111.2250780728,-7.262435433800001,0 111.22517081,-7.2626199397,0 111.2252858558,-7.2627058321,0 111.2254023153,-7.2627927777,0 111.2256800538,-7.2629424977,0 111.2259232467,-7.2632191588,0 111.2262473138,-7.26342652,0 111.2265368091,-7.2637377493,0 111.2268262631,-7.2640143646,0 111.2270926009,-7.264302540599999,0 111.2272431789,-7.264498529,0 111.2274632574,-7.264786748200001,0 111.2273482036,-7.265294491,0 111.2275221028,-7.265651977000001,0 111.227718807,-7.2657325499,0 111.2280430953,-7.2661245041,0 111.2282401934,-7.2665396528,0 111.2282635416,-7.2667242251,0 111.2285879127,-7.267185401099999,0 111.2287272141,-7.267623679399999,0 111.2290627008,-7.2677041192,0 111.2296301757,-7.268361193600001,0 111.2298385693,-7.2685455879,0 111.230104596,-7.2685684082,0 111.2301482994,-7.268131896200001,0 111.2304333692,-7.2678157242,0 111.2304965969,-7.2674996647,0 111.2309087589,-7.2678154832,0 111.231004097,-7.2683210758,0 111.2317012739,-7.2681943082,0 111.2322718488,-7.2684152339,0 111.2323037918,-7.2688892602,0 111.2333089802,-7.2692460213,0 111.2340155236,-7.2695204296,0 111.2343006078,-7.2692358634,0 111.2346179821,-7.270088966599999,0 111.2352519008,-7.2702150507,0 111.2356958421,-7.2706888594,0 111.2359812977,-7.2710995474,0 111.2362381027,-7.271839041,0 111.2363081176,-7.2723581441,0 111.2366159798,-7.2726793469,0 111.237154707,-7.2725842562,0 111.2373451996,-7.2732162098,0 111.2378839781,-7.2732159283,0 111.2380330884,-7.2737986062,0 111.2378637136,-7.2742830018,0 111.2382127387,-7.2750412813,0 111.2386883119,-7.275388659800001,0 111.2392843889,-7.2756548609,0 111.2395734957,-7.2756315037,0 111.2399668043,-7.2757003423,0 111.2398295723,-7.2759569054,0 111.2398296901,-7.276178123300001,0 111.2396714436,-7.276589038,0 111.2394181252,-7.2770316123,0 111.240432887,-7.2781055629,0 111.2409715008,-7.2777892498,0 111.2411617164,-7.2778839583,0 111.2415104618,-7.2781049901,0 111.241716314,-7.2782829398,0 111.2415089744,-7.278975371,0 111.2413473086,-7.279183198000001,0 111.2414408111,-7.2799907038,0 111.2417767709,-7.2804518591,0 111.24168496,-7.281040342099999,0 111.2414426979,-7.2815482127,0 111.2417209149,-7.282078647199999,0 111.2422766509,-7.2825626587,0 111.2426473389,-7.2830468519,0 111.2430640227,-7.2833117949,0 111.2432029922,-7.2834616399,0 111.2433657668,-7.2841652443,0 111.2433659629,-7.2843267626,0 111.2434936774,-7.284730435900001,0 111.2435518419,-7.2850072688,0 111.2438875553,-7.285260754400001,0 111.2446378462,-7.2853954719,0 111.2450498966,-7.2854584559,0 111.2455253403,-7.285521403999999,0 111.2460008353,-7.2856791568,0 111.2468880704,-7.2853310436,0 111.2474903743,-7.2855519324,0 111.2475540948,-7.286152347699999,0 111.248314799,-7.286246739600001,0 111.2488216551,-7.2858040267,0 111.2487261192,-7.2849824124,0 111.2485672171,-7.2841924308,0 111.2487254744,-7.283813114800001,0 111.2498984952,-7.284444518,0 111.2505321917,-7.284128144600001,0 111.2511143813,-7.283869100299999,0 111.2515195619,-7.284180193799999,0 111.2517396647,-7.2844684013,0 111.2521564842,-7.2848371692,0 111.2526191953,-7.2849059251,0 111.2532583732,-7.2850430996,0 111.2536700333,-7.2844108213,0 111.2538919087,-7.2844422949,0 111.2541773994,-7.2848845743,0 111.2540509439,-7.285453490800001,0 111.2546328772,-7.285919156100001,0 111.25459052,-7.2868437024,0 111.2550027072,-7.2871278926,0 111.2548444904,-7.287570416599999,0 111.255161496,-7.28769665,0 111.2561122449,-7.287569700799999,0 111.2570949907,-7.2879799787,0 111.2575070457,-7.288042945599999,0 111.257982511,-7.288137484200001,0 111.2583945561,-7.2881688516,0 111.2586797994,-7.288168688799999,0 111.2590283794,-7.288073679999999,0 111.2592844253,-7.287633451,0 111.2596203221,-7.288025369299999,0 111.2599904237,-7.2880249898,0 111.2603140331,-7.287840064899999,0 111.2608226204,-7.2875972641,0 111.2614698211,-7.287215876,0 111.2616776841,-7.2869618463,0 111.2621519353,-7.287007506699999,0 111.2626930331,-7.2872242037,0 111.2632953468,-7.28744507,0 111.2638973647,-7.287160296999999,0 111.2643411756,-7.2873180534,0 111.2649752012,-7.2875705021,0 111.2654825628,-7.2880126376,0 111.2660529263,-7.287791086,0 111.2664014586,-7.2876328701,0 111.2667818133,-7.2876642447,0 111.2671033219,-7.2880061112,0 111.2674857082,-7.2885710311,0 111.2675555424,-7.2889170714,0 111.2676702158,-7.2893070561,0 111.2679873006,-7.2895596882,0 111.268494413,-7.2895593879,0 111.2689697407,-7.2894326932,0 111.2694643732,-7.289295803799999,0 111.2698570487,-7.2892109482,0 111.2704592761,-7.2894908928,0 111.271030083,-7.2898106953,0 111.2719806592,-7.2893992887,0 111.272436575,-7.289142705,0 111.2727732056,-7.289714838400001,0 111.2737556637,-7.2896194347,0 111.2742529132,-7.2895445877,0 111.2745187771,-7.2894289367,0 111.2752453979,-7.2898081493,0 111.2756573791,-7.2897446923,0 111.2768296346,-7.2890487177,0 111.2772734626,-7.289238064600001,0 111.2775902119,-7.288921844099999,0 111.2772287609,-7.2884206501,0 111.277862541,-7.288262249799999,0 111.2786003313,-7.2885362507,0 111.2790666766,-7.2878822772,0 111.2793204041,-7.288166543100001,0 111.2796068022,-7.288731308300001,0 111.2795952513,-7.288742857399999,0 111.2798844391,-7.2887771602,0 111.2803588432,-7.2889381722,0 111.2806715519,-7.2892724124,0 111.280695088,-7.289583888099999,0 111.2803992182,-7.2901252323,0 111.2806212941,-7.2904727231,0 111.2809507041,-7.2904835069,0 111.281223384,-7.290314333599999,0 111.2814134844,-7.2902194111,0 111.2815400433,-7.2898717026,0 111.2814130501,-7.2895241542,0 111.2819517152,-7.2893026017,0 111.2821977769,-7.288924664299999,0 111.2827065782,-7.288854894900001,0 111.2832852254,-7.2891311631,0 111.2836204198,-7.2889692833,0 111.2842909454,-7.2887493559,0 111.2843256268,-7.2887377816,0 111.2845109348,-7.2889337124,0 111.284867704,-7.289521991300001,0 111.2854257144,-7.2897633937,0 111.2860618292,-7.2897627057,0 111.2859450531,-7.289142084400001,0 111.2865468794,-7.2892199387,0 111.286610993,-7.2897105072,0 111.2870232126,-7.2900262673,0 111.2878790731,-7.2902153408,0 111.2874038029,-7.29043686,0 111.2868968398,-7.2906583981,0 111.2867704248,-7.2912273236,0 111.2873093516,-7.291416594899999,0 111.2883234802,-7.2912895423,0 111.2886087056,-7.2915943369,0 111.2888754194,-7.292124751699999,0 111.288957094,-7.2926669053,0 111.2890036456,-7.2928860592,0 111.2893741933,-7.2932202302,0 111.2897790582,-7.2932659374,0 111.2907393111,-7.2934840931,0 111.2912488166,-7.2939450181,0 111.2913648417,-7.2942217809,0 111.2918510512,-7.2945558242,0 111.2922792616,-7.2947630217,0 111.2924759739,-7.2948320276,0 111.2926957862,-7.294877935300001,0 111.2929620458,-7.295062236000001,0 111.2934022837,-7.2956155322,0 111.2934959148,-7.2964460966,0 111.2930933171,-7.296774965200001,0 111.2930619748,-7.297312227399999,0 111.2933159209,-7.2979125051,0 111.293760114,-7.2986390763,0 111.29442583,-7.2988282559,0 111.2950724416,-7.299120959199999,0 111.2950379436,-7.299270978700001,0 111.294830033,-7.299478875000001,0 111.2946681856,-7.2995367391,0 111.2944485864,-7.2996523524,0 111.294043869,-7.2997220202,0 111.2937200672,-7.2997569867,0 111.2936392586,-7.2998724462,0 111.2936395042,-7.3000570392,0 111.2942049367,-7.3003137174,0 111.2955940331,-7.299962588799999,0 111.2956645517,-7.3008047158,0 111.2954099392,-7.3012294026,0 111.2955052952,-7.3016401698,0 111.2958853074,-7.3015543807,0 111.2962341112,-7.301386873,0 111.2964558418,-7.3011971143,0 111.2967093247,-7.301070535600001,0 111.2968537909,-7.3007691467,0 111.2968216824,-7.300137121999999,0 111.2974101241,-7.300133636300001,0 111.2975722494,-7.3002834381,0 111.297792496,-7.3006523796,0 111.2984525777,-7.301263111,0 111.2988828053,-7.3015894723,0 111.2992314491,-7.3015892412,0 111.2995480563,-7.301083392300001,0 111.299928287,-7.3009251296,0 111.3000956796,-7.3018035253,0 111.300570089,-7.3019529782,0 111.3006394537,-7.3019298261,0 111.3007844047,-7.3014618009,0 111.3010693459,-7.3009875722,0 111.3016079633,-7.3007027947,0 111.3021997334,-7.3010858789,0 111.3025811782,-7.300912396100001,0 111.3027429302,-7.300785306599999,0 111.3030338897,-7.3001961967,0 111.302970135,-7.2996589993,0 111.3033821279,-7.2995955206,0 111.3037625699,-7.299753276099999,0 111.3040797464,-7.3001006896,0 111.3038263597,-7.300353679700001,0 111.3034023321,-7.3008884022,0 111.3032638517,-7.3011192977,0 111.3031373576,-7.301661680600001,0 111.3034471318,-7.301997260900001,0 111.3036691681,-7.3022499308,0 111.3039830036,-7.302641381399999,0 111.3042492263,-7.302791063700001,0 111.3045609781,-7.302398453800001,0 111.3046996302,-7.3022944652,0 111.3049366384,-7.3017750411,0 111.305253868,-7.3021856562,0 111.3048740438,-7.302944370200001,0 111.3050643682,-7.303165462200001,0 111.3053812264,-7.3030388359,0 111.3056662188,-7.3026594119,0 111.306046329,-7.302311530799999,0 111.3063184054,-7.3019465301,0 111.3063639641,-7.3014273119,0 111.3061087042,-7.3008261727,0 111.3063302899,-7.3004151942,0 111.3067425328,-7.3007309354,0 111.3071233427,-7.3014259306,0 111.3075354894,-7.3015836609,0 111.3080183902,-7.3017830909,0 111.3082498838,-7.3019097361,0 111.308516201,-7.3021286392,0 111.3086771697,-7.3025625594,0 111.3083434799,-7.302694149100001,0 111.3081819643,-7.3029942952,0 111.3081125987,-7.3030174482,0 111.308101457,-7.303328960800001,0 111.308487634,-7.3034791556,0 111.3087413876,-7.303763404399999,0 111.3087040558,-7.304182019,0 111.3087392103,-7.3045165542,0 111.3087575107,-7.305165047200001,0 111.3090568068,-7.305512511100001,0 111.3092752027,-7.3058945422,0 111.3096208238,-7.306184248899999,0 111.3098628611,-7.3063465621,0 111.3101398793,-7.3063701379,0 111.3103478879,-7.3062895092,0 111.3104289052,-7.3062086772,0 111.3105445841,-7.306116333000001,0 111.3106835266,-7.3059546313,0 111.3107762611,-7.305804420199999,0 111.3108111854,-7.3056888151,0 111.310846571,-7.3053881537,0 111.3112051253,-7.305122708,0 111.3118627159,-7.3053088173,0 111.3120119044,-7.305667604599999,0 111.3122425688,-7.305760501800001,0 111.3128655274,-7.305946555400001,0 111.3133732676,-7.3060398942,0 111.3137888236,-7.3060636894,0 111.3142735627,-7.3061222919,0 111.314319742,-7.3061223657,0 111.3146662588,-7.3060535217,0 111.3147127556,-7.305926369199999,0 111.3147483696,-7.3055331793,0 111.3146680746,-7.305324862200001,0 111.3143035443,-7.3051101202,0 111.3144394642,-7.3047434307,0 111.314793485,-7.3047024468,0 111.3153655402,-7.304878557399999,0 111.315638283,-7.305448625999999,0 111.315543954,-7.305939258299999,0 111.3158322578,-7.306066943999999,0 111.3160056309,-7.3059862569,0 111.3163408046,-7.3058364307,0 111.3169186118,-7.305868630900001,0 111.3171230376,-7.306099308799999,0 111.3170009223,-7.306723962599999,0 111.3169331017,-7.3071041807,0 111.3169876968,-7.307426995999999,0 111.3172548036,-7.307713002000001,0 111.3177178987,-7.3078620286,0 111.3182082126,-7.3079838796,0 111.3184401586,-7.308608284199999,0 111.3187807651,-7.3088524412,0 111.3191077712,-7.3091101833,0 111.3195572874,-7.3093135263,0 111.3200883749,-7.3093131486,0 111.3213136958,-7.3089592636,0 111.321613474,-7.3092305998,0 111.3222944658,-7.3093930471,0 111.3218592209,-7.310112965100001,0 111.3217371488,-7.3107919317,0 111.3216735091,-7.311644464700001,0 111.3218253992,-7.311933852200001,0 111.3219869867,-7.312037991,0 111.322177741,-7.3121872083,0 111.322477405,-7.3122956144,0 111.3230492003,-7.3120915402,0 111.323403186,-7.3119962462,0 111.3236756203,-7.312104671200001,0 111.3238529208,-7.312484712999999,0 111.3239348454,-7.312783359900001,0 111.323934867,-7.3129706158,0 111.3239348994,-7.3132441383,0 111.3243576158,-7.3136520204,0 111.3249703599,-7.3135836908,0 111.3251338674,-7.3137193491,0 111.3250527567,-7.31454764,0 111.3252846864,-7.3151313027,0 111.325557038,-7.315559898,0 111.3267196159,-7.3152859492,0 111.326828683,-7.315462373700001,0 111.3259984028,-7.3160060777,0 111.3259305409,-7.3163184132,0 111.326107737,-7.3165491019,0 111.3266526317,-7.3168066803,0 111.3273468211,-7.316371695299999,0 111.327850401,-7.3159911589,0 111.3282043687,-7.3158687054,0 111.3284358578,-7.3158549556,0 111.3286234681,-7.3160280104,0 111.3290043409,-7.3160748687,0 111.3294663136,-7.3160061928,0 111.3298787688,-7.315093559,0 111.3300693684,-7.3150255352,0 111.3304373638,-7.3154597432,0 111.3308870986,-7.3159346266,0 111.3308967384,-7.3164826303,0 111.3309767304,-7.31681817,0 111.3311154319,-7.317056258299999,0 111.3311564113,-7.317219160600001,0 111.3314016897,-7.3174362219,0 111.3316469501,-7.3176261263,0 111.3320281287,-7.3174764926,0 111.3323140367,-7.3173812374,0 111.3327904939,-7.317163644599999,0 111.333008494,-7.3173264174,0 111.3327990959,-7.3175380962,0 111.3326600733,-7.317734503600001,0 111.3325091653,-7.3180696846,0 111.3324151313,-7.3187519364,0 111.3324722328,-7.3190064778,0 111.3324515322,-7.3191597951,0 111.3324925341,-7.3193634259,0 111.3324928857,-7.3198386393,0 111.3327793387,-7.320490149600001,0 111.3331472316,-7.3207750072,0 111.3335422327,-7.3208833359,0 111.3340324549,-7.3208558157,0 111.3345770961,-7.3207603671,0 111.3348083738,-7.32046149,0 111.3346583309,-7.3201357412,0 111.3344948998,-7.3201087102,0 111.3343178503,-7.3200816847,0 111.3341272003,-7.3200818268,0 111.3337866783,-7.319973459400001,0 111.3337181536,-7.319389675300001,0 111.3338674797,-7.3187649981,0 111.3339899188,-7.3186019753,0 111.3343030367,-7.3184795461,0 111.3346979964,-7.3185335648,0 111.3353108862,-7.318655306,0 111.3352838391,-7.318913299,0 111.3354343892,-7.3199179218,0 111.3356797944,-7.3202979132,0 111.3360199908,-7.3199717984,0 111.3361012743,-7.319401478899999,0 111.3366595626,-7.3193467551,0 111.3372179427,-7.319414225,0 111.3383073733,-7.3194269837,0 111.3387380667,-7.318964765400001,0 111.3389831562,-7.318923849,0 111.339378107,-7.3189778586,0 111.3399773379,-7.3190452961,0 111.3399205034,-7.318335580800001,0 111.3400594388,-7.3181738701,0 111.3404669702,-7.3182438509,0 111.3409163578,-7.3182435118,0 111.3413015842,-7.3183938641,0 111.3414788514,-7.3187060152,0 111.3419285304,-7.319099422699999,0 111.3424325446,-7.319302701,0 111.3428681789,-7.319125861,0 111.3432220109,-7.3188268868,0 111.3435622622,-7.3185686536,0 111.3441889206,-7.3188940373,0 111.3445294534,-7.3190023966,0 111.3447202266,-7.3191651838,0 111.344546009,-7.3203003126,0 111.3446143907,-7.3206804336,0 111.3450507247,-7.3214132848,0 111.3455413112,-7.3218609664,0 111.3461135561,-7.3222406962,0 111.3465631182,-7.3224711708,0 111.3468765292,-7.322728902099999,0 111.346822373,-7.323136267999999,0 111.3464824436,-7.3238018284,0 111.3463875229,-7.324331422100001,0 111.3466610984,-7.324717604400001,0 111.3461987057,-7.325391622,0 111.346089984,-7.325676834799999,0 111.3465398617,-7.326301054300001,0 111.346472275,-7.3269528271,0 111.3459143239,-7.327455626400001,0 111.3452607767,-7.327605480399999,0 111.3451656554,-7.3278771017,0 111.3453492933,-7.3282206059,0 111.3457256488,-7.3282922891,0 111.3458892202,-7.328495828100001,0 111.3460935039,-7.328509246900001,0 111.3461889409,-7.3286585254,0 111.3463115769,-7.328753474899999,0 111.3464069311,-7.3287941341,0 111.3465023357,-7.328889100800001,0 111.3466249403,-7.328943318199999,0 111.346761175,-7.3290111019,0 111.3468974753,-7.329173925000001,0 111.3471427052,-7.329309512200001,0 111.3473607251,-7.3294722724,0 111.3475242336,-7.3295943464,0 111.3481101949,-7.330082681899999,0 111.348110543,-7.3305307376,0 111.3480015298,-7.3309589642,0 111.3477702899,-7.3313121603,0 111.3474165469,-7.3317333344,0 111.347021794,-7.331950878599999,0 111.3464360314,-7.3317205137,0 111.3460956542,-7.331815815700001,0 111.3458506636,-7.3319925127,0 111.3455654076,-7.3329295829,0 111.3453896081,-7.3336000932,0 111.3448050011,-7.334863252100001,0 111.3449005964,-7.3352161911,0 111.3451729021,-7.3351345182,0 111.3456085319,-7.3349440994,0 111.3463982734,-7.3347941392,0 111.3471064571,-7.3348343254,0 111.3473381647,-7.3350921179,0 111.3470530679,-7.3362328477,0 111.3475974609,-7.3357979472,0 111.3480329513,-7.3354174414,0 111.3483062417,-7.335091539599999,0 111.3488585397,-7.3350338544,0 111.3492037499,-7.334987730000001,0 111.349675634,-7.334884025600001,0 111.3501937254,-7.3346997437,0 111.3506427398,-7.334538498,0 111.3508271521,-7.3343888301,0 111.3511156159,-7.334020457,0 111.3516111118,-7.3336635394,0 111.3518300328,-7.333513860800001,0 111.3523248659,-7.3334331673,0 111.3524400637,-7.3333640814,0 111.3526014677,-7.333214418,0 111.3528664556,-7.3330417086,0 111.3530510037,-7.3328344922,0 111.3531318294,-7.332707868600001,0 111.3533051764,-7.3323740519,0 111.3536757582,-7.3320962576,0 111.3542879996,-7.331958386199999,0 111.3551540467,-7.3319018557,0 111.3560778483,-7.3318338454,0 111.3566899503,-7.3317538003,0 111.3573136526,-7.3316506391,0 111.3579374098,-7.331524344599999,0 111.3585499821,-7.331247676200001,0 111.3590585883,-7.3309939829,0 111.3594634793,-7.3306591716,0 111.3598798869,-7.3303359453,0 111.3602729267,-7.3301283422,0 111.360746426,-7.330071217300001,0 111.3613346887,-7.330303412400001,0 111.3621421504,-7.3306053283,0 111.3626034424,-7.3308257674,0 111.3627340761,-7.330876044,0 111.363387814,-7.331127647300001,0 111.364241651,-7.331348665599999,0 111.3648068821,-7.3315576896,0 111.3651527767,-7.3317548237,0 111.3654752799,-7.332079147999999,0 111.3657056394,-7.3323108089,0 111.3658552084,-7.332530784,0 111.367534087,-7.333143734,0 111.3690401196,-7.3347216863,0 111.3690410684,-7.3358719138,0 111.3691701823,-7.3370220261,0 111.3694274864,-7.3381720441,0 111.3699407879,-7.338938441,0 111.370453987,-7.339577029799999,0 111.3713517109,-7.3402153011,0 111.3719928889,-7.3405981803,0 111.3739157491,-7.3409799928,0 111.3763513039,-7.3413613566,0 111.3784025738,-7.341998655799999,0 111.3813507017,-7.3422517646,0 111.3832734864,-7.3425057296,0 111.3853248804,-7.3432707918,0 111.3895553912,-7.344289560900001,0 111.3908375447,-7.344799651,0 111.3925040056,-7.3450537994,0 111.3937857148,-7.345052677,0 111.3950674241,-7.345051551099999,0 111.3964769621,-7.3446669101,0 111.3989118667,-7.344281344700001,0 111.3999371217,-7.3441526256,0 111.4007060187,-7.344024135000001,0 111.4023724804,-7.344278257299999,0 111.4035262476,-7.344532822999999,0 111.4046801318,-7.344915192300001,0 111.4059621873,-7.3452974419,0 111.4076287507,-7.345679339899999,0 111.4101922852,-7.3458047999,0 111.4122429104,-7.3456751257,0 111.4146781567,-7.3456728828,0 111.4171134039,-7.3456706264,0 111.4186514478,-7.345669193799999,0 111.4201895133,-7.3456677567,0 111.4216001108,-7.346433237999999,0 111.4242929094,-7.347708715899999,0 111.425832055,-7.3488574793,0 111.4268586509,-7.3501345193,0 111.427628913,-7.3514118012,0 111.4277580611,-7.3524340921,0 111.4282718447,-7.3535838222,0 111.4285295346,-7.3549893969,0 111.428659198,-7.356522889400001,0 111.4286606702,-7.358056514100001,0 111.4287900691,-7.3593344049,0 111.4290476421,-7.3606121733,0 111.4298179088,-7.3618894489,0 111.4307162506,-7.363038805000001,0 111.4316142272,-7.3638047432,0 111.4323840334,-7.3645708127,0 111.4330255216,-7.3652092,0 111.4367136944,-7.3672844081,0 111.4381241371,-7.3677942311,0 111.4408166039,-7.3685583986,0 111.4433805234,-7.3689392713,0 111.4462011993,-7.369703267900001,0 111.4494062608,-7.370339076,0 111.451072709,-7.370465194200001,0 111.4524833047,-7.371102773999999,0 111.4532526171,-7.3713575951,0 111.4549203739,-7.3727617174,0 111.456074892,-7.373655156099999,0 111.4569730621,-7.3745488439,0 111.4574862917,-7.3750595176,0 111.4581279633,-7.375825670699999,0 111.4590258779,-7.376463754100001,0 111.4600518407,-7.3769739089,0 111.4624884369,-7.3781215976,0 111.4628715076,-7.376715388,0 111.4629981124,-7.375181650000001,0 111.463381711,-7.3742866492,0 111.463380648,-7.3732642406,0 111.4633794519,-7.372114029199999,0 111.463250347,-7.371219559,0 111.4628651368,-7.3705809531,0 111.4623520394,-7.3701980794,0 111.4615825723,-7.3698154691,0 111.4594033162,-7.3695621121,0 111.458121526,-7.3695634269,0 111.4569674287,-7.3690533971,0 111.4563260124,-7.368542851999999,0 111.4560690087,-7.3679041094,0 111.4560683558,-7.3672651051,0 111.456836223,-7.366114106000001,0 111.4581169323,-7.3650903879,0 111.4588853373,-7.3644505958,0 111.4601651139,-7.362532269,0 111.4608053386,-7.3618926056,0 111.4617621048,-7.360607281,0 111.4619567973,-7.3598466011,0 111.4619558719,-7.358951987,0 111.4619542846,-7.3574183804,0 111.4613118251,-7.355885432,0 111.4609262569,-7.354863419,0 111.4598994254,-7.353458659100001,0 111.4578161243,-7.3520467316,0 111.4568924136,-7.351840985600001,0 111.4560067873,-7.3520109943,0 111.4548009277,-7.3523504362,0 111.4531809384,-7.3531788269,0 111.451579843,-7.3540635602,0 111.4502583136,-7.3549781329,0 111.4495241322,-7.3558244121,0 111.4489596638,-7.356764468,0 111.4481318468,-7.3582121058,0 111.4475056642,-7.3595178738,0 111.4469414313,-7.360702191900001,0 111.4461689811,-7.360984812799999,0 111.4449251747,-7.3610987893,0 111.443713858,-7.3601524741,0 111.4435051829,-7.3587810232,0 111.4431255674,-7.356094455999999,0 111.4422113571,-7.353220840599999,0 111.4417501793,-7.351059734600001,0 111.4417713188,-7.349974619800001,0 111.4420591774,-7.349066399000001,0 111.4423915884,-7.3482910017,0 111.4432792103,-7.3474264789,0 111.4441958658,-7.3463721489,0 111.4455273373,-7.3451307211,0 111.4465262899,-7.3445539643,0 111.44750303,-7.3439772264,0 111.4485242993,-7.343511166199999,0 111.4496789703,-7.3431778388,0 111.4509448758,-7.3430215564,0 111.4523885854,-7.3429758151,0 111.453608611,-7.343240954999999,0 111.4550772246,-7.3439917576,0 111.4561734317,-7.3446441726,0 111.4571995779,-7.345409939900001,0 111.4590275066,-7.346401884,0 111.4606269338,-7.346577403799999,0 111.4617817388,-7.346376914400001,0 111.4627359744,-7.3455344313,0 111.4628236313,-7.3443828134,0 111.4627114957,-7.3433421251,0 111.4616882786,-7.3419037692,0 111.4608212089,-7.3411074483,0 111.4596299517,-7.340678810800001,0 111.4576776881,-7.3403687524,0 111.4562502904,-7.3401846333,0 111.4545623799,-7.3403413582,0 111.4519416259,-7.3405433063,0 111.4510087007,-7.3404999536,0 111.4501644639,-7.3403014966,0 111.4482977034,-7.3393068482,0 111.4466976413,-7.338466939899999,0 111.4462969753,-7.337603689700001,0 111.4461631553,-7.3370502028,0 111.4462289749,-7.336230781000001,0 111.4464948918,-7.335610461100001,0 111.4472050999,-7.3350561351,0 111.4476489118,-7.3341131159,0 111.4481362499,-7.3328060871,0 111.4486903528,-7.3316318594,0 111.449294958,-7.3306445144,0 111.4500271653,-7.3298908583,0 111.4508925461,-7.3290484894,0 111.452157608,-7.328094992199999,0 111.4534703241,-7.327198539,0 111.4548020087,-7.3262449689,0 111.4557343871,-7.325778985199999,0 111.4567109834,-7.3251136524,0 111.4573989513,-7.3245593318,0 111.4577534874,-7.3238631442,0 111.4579520712,-7.3225785454,0 111.4576400847,-7.3215602007,0 111.4566170052,-7.3201882616,0 111.4552828744,-7.3187059117,0 111.4536256172,-7.3173847114,0 111.4520920807,-7.3163675908,0 111.4510252302,-7.3156157369,0 111.4498474232,-7.3149525687,0 111.4487806258,-7.3142449983,0 111.4481582968,-7.3138027207,0 111.44766941,-7.3135374693,0 111.4470252067,-7.3134273842,0 111.4460177241,-7.3135212599,0 111.4439680217,-7.314417892099999,0 111.4425586267,-7.3148026841,0 111.4416619918,-7.315314776099999,0 111.4409475749,-7.3155569239,0 111.4376889822,-7.315318653,0 111.4328402037,-7.314922582600001,0 111.43087347,-7.3143635451,0 111.4257634151,-7.3125746659,0 111.4243166101,-7.3114604967,0 111.4235602569,-7.310176804400001,0 111.4235145444,-7.3088038634,0 111.4242906602,-7.3074965837,0 111.4250229377,-7.3068094027,0 111.4267834748,-7.3059383563,0 111.4279635337,-7.3055930472,0 111.429295551,-7.3049938712,0 111.4305382414,-7.303885442400001,0 111.431778251,-7.302355153299999,0 111.4324905446,-7.3016469426,0 111.4334668297,-7.3006716314,0 111.4340927714,-7.299947054799999,0 111.4344254639,-7.299481693400001,0 111.4351350119,-7.2982851859,0 111.4359110126,-7.2969114553,0 111.4362922208,-7.2953937909,0 111.4367352682,-7.294219686400001,0 111.4375557206,-7.2928901988,0 111.4385608119,-7.2922522674,0 111.4395977096,-7.2916038158,0 111.4404820039,-7.2911001774,0 111.440888145,-7.2906787218,0 111.4415317718,-7.2902351978,0 111.4419309053,-7.2895926061,0 111.4422407883,-7.288529349299999,0 111.4423281008,-7.2869720096,0 111.4420598357,-7.2851785384,0 111.4422804457,-7.283672470700001,0 111.4427780972,-7.2821783964,0 111.4431666484,-7.281421241,0 111.443673536,-7.2805160949,0 111.4441864562,-7.2796043614,0 111.4443853971,-7.278651937,0 111.4441834939,-7.277831756199999,0 111.4428524874,-7.2768451046,0 111.4408746668,-7.275540486000001,0 111.4398300584,-7.2746999949,0 111.4388739622,-7.273527243,0 111.4381844762,-7.272074205700001,0 111.4379838932,-7.271343618,0 111.4379830353,-7.2704578218,0 111.437982305,-7.2697048959,0 111.438514504,-7.2688850208,0 111.439313218,-7.2680870308,0 111.4405341781,-7.2675986602,0 111.4416665217,-7.2673318188,0 111.4423829342,-7.2674464203,0 111.4436612378,-7.267991515600001,0 111.4441745753,-7.2687578279,0 111.4449837421,-7.269968392700001,0 111.4456520139,-7.2720272089,0 111.4458446784,-7.272973647300001,0 111.4466150781,-7.2745065166,0 111.447324493,-7.2755996677,0 111.4480799253,-7.2759532406,0 111.4495678132,-7.275885331,0 111.4505888864,-7.275374985600001,0 111.451431561,-7.2741340363,0 111.4516776596,-7.2726621473,0 111.4518968837,-7.2698052413,0 111.4516063452,-7.267967507300001,0 111.4516040114,-7.2655554401,0 111.4516024799,-7.2640218244,0 111.4516004402,-7.2619769954,0 111.4509574061,-7.2596772032,0 111.4508272274,-7.257632501000001,0 111.4509538429,-7.2560987568,0 111.4512082189,-7.2541814678,0 111.4514133839,-7.2529260169,0 111.4515470771,-7.2519647469,0 111.4516342709,-7.250325939299999,0 111.451566703,-7.2493737749,0 111.4515214492,-7.2485323152,0 111.4516098804,-7.248133619699999,0 111.4518984378,-7.2480004642,0 111.452253839,-7.2480886886,0 111.4526536048,-7.2481325819,0 111.4539920703,-7.248692661599999,0 111.455436055,-7.249222694200001,0 111.4564358143,-7.2496645886,0 111.4565252231,-7.2502402663,0 111.4562166657,-7.252565786299999,0 111.4556856277,-7.254150167800001,0 111.4554382719,-7.2554552747,0 111.4553323182,-7.256143561,0 111.4553333641,-7.2571843671,0 111.4557154141,-7.2583014321,0 111.45673816,-7.259496227299999,0 111.4577830742,-7.2606467066,0 111.4597606007,-7.2616855162,0 111.4616401658,-7.2624189016,0 111.4634617084,-7.2629263756,0 111.465060837,-7.2631018989,0 111.4665932314,-7.2631667616,0 111.4687244511,-7.2624780752,0 111.469040775,-7.2621920917,0 111.4701222179,-7.261214375699999,0 111.4714804352,-7.2591186127,0 111.4723000737,-7.2571690174,0 111.4730159394,-7.255606198999999,0 111.4737698051,-7.2544760272,0 111.4747012294,-7.2532570924,0 111.475677412,-7.2523702791,0 111.4772536232,-7.2519035849,0 111.4784085748,-7.25207953,0 111.4792016986,-7.252951155700001,0 111.4800993839,-7.2535892139,0 111.4809585089,-7.2546599818,0 111.4818479483,-7.255744133399999,0 111.482892751,-7.2567395381,0 111.4837820807,-7.2577129634,0 111.4848492621,-7.258863352799999,0 111.4855606807,-7.259593370200001,0 111.4863831161,-7.2603011223,0 111.4875830069,-7.2609420322,0 111.4888044409,-7.2609628641,0 111.4902917622,-7.2604297856,0 111.4910672179,-7.258768091200001,0 111.4905309863,-7.257141465800001,0 111.4892001812,-7.2560077229,0 111.4875746593,-7.2545758574,0 111.4866631191,-7.253602465400001,0 111.4860401812,-7.252540181699999,0 111.4857350817,-7.2511549982,0 111.4857331653,-7.249365778099999,0 111.4857315222,-7.2478321687,0 111.4857300158,-7.2464263539,0 111.4862413613,-7.245275591300001,0 111.486697225,-7.2443613369,0 111.4878374071,-7.2429293374,0 111.4892569977,-7.2427088156,0 111.4903405018,-7.2430288447,0 111.4923907411,-7.2439909673,0 111.4936595173,-7.2447839544,0 111.4951681876,-7.2457167043,0 111.4961642812,-7.2464018087,0 111.4972635836,-7.2471807007,0 111.4983909774,-7.2480345504,0 111.500494345,-7.2488030156,0 111.5027495659,-7.248256281800001,0 111.5044582922,-7.247057048399999,0 111.5067439021,-7.245253216200001,0 111.5092926087,-7.2428065422,0 111.5106369692,-7.2411722969,0 111.5120181543,-7.2399371221,0 111.5124032998,-7.239643801,0 111.5127815501,-7.2393557329,0 111.5137837016,-7.238614790399999,0 111.516257687,-7.2385394264,0 111.5173124722,-7.2382479633,0 111.5184038049,-7.2381015914,0 111.5199682457,-7.238063524000001,0 111.5212048612,-7.2376992806,0 111.5224411403,-7.2370447693,0 111.5235660501,-7.2344673852,0 111.525175538,-7.2307016737,0 111.5264581223,-7.228488952099999,0 111.528009255,-7.2271426679,0 111.5298638262,-7.226342292,0 111.5315011562,-7.2264492339,0 111.5331899256,-7.2267188516,0 111.5364866396,-7.2273867538,0 111.5392020616,-7.2278433693,0 111.5416392891,-7.227513935000001,0 111.5429114584,-7.226496501399999,0 111.5432736756,-7.2251536023,0 111.5430541277,-7.224101659,0 111.5403956967,-7.221964124199999,0 111.5388294284,-7.2204058078,0 111.5371525966,-7.2186627733,0 111.5367107372,-7.2172257736,0 111.5366728191,-7.2159196324,0 111.5374360989,-7.215301924899999,0 111.539181888,-7.214864472200001,0 111.5392121484,-7.214856290199999,0 111.5414731789,-7.2142449508,0 111.5430370523,-7.213807699600001,0 111.5445633709,-7.2123908501,0 111.5461256282,-7.2106111232,0 111.547041138,-7.2090232532,0 111.5480208028,-7.206845105099999,0 111.5487468894,-7.2055743316,0 111.5497644039,-7.204629754800001,0 111.551254996,-7.2037934536,0 111.5526724652,-7.2026669754,0 111.5538724432,-7.2021938466,0 111.5544541283,-7.2018665968,0 111.5550724598,-7.2017569982,0 111.5556544993,-7.2017200091,0 111.5563829402,-7.2024084986,0 111.5574264524,-7.203825650200001,0 111.558301446,-7.205348462400001,0 111.5589197308,-7.206112234999999,0 111.5607408066,-7.206869358,0 111.5627787882,-7.2074110952,0 111.5643028783,-7.207511427200001,0 111.566096354,-7.2072536132,0 111.5668159033,-7.2064990397,0 111.567401657,-7.2049274807,0 111.5677223894,-7.204066968,0 111.5684847492,-7.202759842099999,0 111.5687738911,-7.2012356036,0 111.5691745786,-7.199398243699999,0 111.5692829487,-7.1987813007,0 111.5687744694,-7.1971540953,0 111.5683697034,-7.195770963200001,0 111.567277234,-7.194901530999999,0 111.5656951871,-7.1937073059,0 111.5648354892,-7.1926268056,0 111.5642155181,-7.1913939538,0 111.5638974846,-7.1905145256,0 111.5641038259,-7.1893259699,0 111.5650118264,-7.1881275181,0 111.5657747969,-7.1873283553,0 111.5665742789,-7.1866379952,0 111.5676287286,-7.186201297100001,0 111.5694113369,-7.186235369699999,0 111.5709398831,-7.186741428100001,0 111.5724684769,-7.1872837642,0 111.5740471082,-7.187623073900001,0 111.575910659,-7.1882201141,0 111.5772198417,-7.1878556404,0 111.5786016438,-7.1873822229,0 111.5796924117,-7.1869091714,0 111.5810377399,-7.186363226299999,0 111.5826379891,-7.1860346518,0 111.583765452,-7.185815521199999,0 111.5847113913,-7.1858868824,0 111.5857663267,-7.185849251999999,0 111.5865299554,-7.1855942978,0 111.5872211042,-7.185557130700001,0 111.5873287494,-7.1843959467,0 111.5870733078,-7.1837794668,0 111.5865969162,-7.182750798899999,0 111.5860824761,-7.1812178649,0 111.5853653091,-7.1799501383,0 111.5845412774,-7.178280440799999,0 111.5837605939,-7.176759301399999,0 111.5835037304,-7.1750180556,0 111.5836468377,-7.173326841000001,0 111.5841527963,-7.170713841,0 111.5856809657,-7.1677994098,0 111.5866201997,-7.1658125286,0 111.587789911,-7.1639777624,0 111.5897878907,-7.1618345259,0 111.5909508283,-7.1609622483,0 111.5919318304,-7.1600539187,0 111.5934582407,-7.1589634727,0 111.5940835537,-7.1583596184,0 111.5953998509,-7.15769011,0 111.5964824197,-7.1568326433,0 111.5979728131,-7.156032491300001,0 111.598808045,-7.1549429249,0 111.5989877978,-7.153309971,0 111.5988760706,-7.1513145687,0 111.5983652026,-7.1500816216,0 111.597898101,-7.1484263861,0 111.5978964499,-7.1471564939,0 111.5982948351,-7.145813517399999,0 111.5986579751,-7.1453413706,0 111.5993486346,-7.144977647,0 111.5996758251,-7.1448320899,0 111.6003304389,-7.1447223924,0 111.6014218408,-7.1448298173,0 111.602622943,-7.145372488899999,0 111.6037510562,-7.1457338401,0 111.6049522069,-7.1463127886,0 111.6059211418,-7.1466176822,0 111.6070965971,-7.146826079399999,0 111.6072826902,-7.1466639802,0 111.6073681537,-7.146589535200001,0 111.6071946061,-7.1461419588,0 111.6070964254,-7.1460017797,0 111.607091158,-7.1458097969,0 111.6065945299,-7.145315659,0 111.6058194294,-7.1441715829,0 111.6056560478,-7.143760033300001,0 111.6056556827,-7.1434827453,0 111.6059716523,-7.1433178627,0 111.6063622018,-7.143219895100001,0 111.6067054334,-7.1431368283,0 111.6069030693,-7.1430596997,0 111.6070229831,-7.1429290031,0 111.607189185,-7.1427153493,0 111.6073975391,-7.1424576513,0 111.6076911767,-7.1422406548,0 111.6079184129,-7.142200319300001,0 111.6085681542,-7.1422728343,0 111.608939237,-7.1423586656,0 111.6092505688,-7.1425264323,0 111.6093885248,-7.1427754564,0 111.6095975614,-7.1430182032,0 111.609881802,-7.1432774364,0 111.6100579567,-7.1434307079,0 111.6103937851,-7.143463617700001,0 111.6105561056,-7.1434634027,0 111.6106380014,-7.1433085997,0 111.6106171866,-7.1424804356,0 111.6105933438,-7.1419664902,0 111.6104558132,-7.1416247577,0 111.6102360117,-7.1413028301,0 111.6098091296,-7.1409252866,0 111.6093466038,-7.1404653229,0 111.6091105308,-7.140069632,0 111.6089542691,-7.139526500799999,0 111.6091001239,-7.1393643774,0 111.6092707441,-7.139335821200001,0 111.6094869933,-7.1393355352,0 111.6096887373,-7.1393856292,0 111.6099133781,-7.139459887200001,0 111.610195276,-7.139630617199999,0 111.6105127547,-7.1398247646,0 111.6108061927,-7.1401046354,0 111.611116278,-7.1404248912,0 111.6113120163,-7.1405851081,0 111.6117353587,-7.140801476,0 111.6118255994,-7.140801356399999,0 111.6119357312,-7.1406912128,0 111.6119673622,-7.140478900000001,0 111.6119556674,-7.1401935433,0 111.6118715179,-7.1398866982,0 111.6118585838,-7.1394623207,0 111.6121434063,-7.1385583753,0 111.6121266708,-7.1384513532,0 111.6120146737,-7.1384000011,0 111.6118829707,-7.138400174599999,0 111.6117459473,-7.1384458728,0 111.6113601723,-7.1385305368,0 111.6109011737,-7.1386397306,0 111.6105957936,-7.138664482700001,0 111.6102199462,-7.1386773574,0 111.609963625,-7.138556859,0 111.609848474,-7.1383994453,0 111.6098085576,-7.1380973981,0 111.6098728394,-7.1378269513,0 111.610035381,-7.1375271964,0 111.610239921,-7.137283909100001,0 111.610643535,-7.1371028072,0 111.6108360717,-7.1370065087,0 111.6109434939,-7.136737231,0 111.6109801314,-7.136479033900001,0 111.6111563662,-7.136227327099999,0 111.611323936,-7.135992529400001,0 111.6113236859,-7.1358047861,0 111.6111895566,-7.135599321600001,0 111.6109256604,-7.1355008728,0 111.6107838571,-7.1354686186,0 111.6105591786,-7.1354902329,0 111.6104212441,-7.135585792200001,0 111.6102479547,-7.1357477061,0 111.6100422186,-7.1359894942,0 111.6098530309,-7.1361283864,0 111.609591598,-7.1362653253,0 111.6092155617,-7.1363747467,0 111.6089178376,-7.136470191700001,0 111.6086892299,-7.136550412199999,0 111.6085437736,-7.1366621646,0 111.6084033678,-7.136790997,0 111.6081729156,-7.1370215886,0 111.6079364902,-7.1371792559,0 111.607732354,-7.137179524799999,0 111.6076848203,-7.1369128758,0 111.6077351832,-7.1366463429,0 111.6078344549,-7.136348383100001,0 111.6080387287,-7.1360239841,0 111.608166383,-7.1357095838,0 111.6082454244,-7.135438609099999,0 111.6081987766,-7.1350836602,0 111.608138182,-7.1347700468,0 111.6081249512,-7.1343374783,0 111.6082242022,-7.1339772342,0 111.6084202292,-7.133540562,0 111.6086537643,-7.1331837668,0 111.6089380948,-7.132911864,0 111.6091140688,-7.1327944773,0 111.6092933306,-7.1325730102,0 111.6092518944,-7.1323263469,0 111.6091084966,-7.1320853906,0 111.6089089136,-7.1319419362,0 111.6087077856,-7.1318530274,0 111.6084408003,-7.1318186166,0 111.6080446373,-7.131759261399999,0 111.6076726884,-7.131697912299999,0 111.6073059548,-7.1314717148,0 111.6070987627,-7.1312270912,0 111.6069715212,-7.130797139700001,0 111.6070072747,-7.1303685048,0 111.6070552346,-7.1300662517,0 111.6071042917,-7.1298314558,0 111.6072139847,-7.1295762093,0 111.6072771504,-7.1294074038,0 111.6072554111,-7.129342664300001,0 111.6071472434,-7.1292742853,0 111.6069510311,-7.1291938751,0 111.6066142377,-7.129086514,0 111.6062868619,-7.128936190599999,0 111.6061359251,-7.1287588164,0 111.6060340589,-7.1283300529,0 111.6060465118,-7.1279110543,0 111.6061703863,-7.127704445800001,0 111.6064362771,-7.1275396909,0 111.6067987929,-7.127345233200001,0 111.6069744062,-7.1274150727,0 111.607034749,-7.127610175300001,0 111.6070220523,-7.1278062302,0 111.6069731067,-7.1280140257,0 111.606919669,-7.1282618051,0 111.6069717119,-7.1283395587,0 111.6071155611,-7.128460674,0 111.6072317284,-7.128523703900001,0 111.6074644531,-7.1285566011,0 111.6075761903,-7.128546260700001,0 111.6077596574,-7.1284489864,0 111.6079140233,-7.1282948984,0 111.6079139496,-7.128239359,0 111.6078710591,-7.128145687399999,0 111.6078439562,-7.1281368021,0 111.6077269248,-7.127994382700001,0 111.6074934392,-7.127774475999999,0 111.6073037236,-7.127383500199999,0 111.6073161504,-7.1270994287,0 111.6073833406,-7.1267899423,0 111.6076138188,-7.1266746933,0 111.6078404786,-7.126661748399999,0 111.6082551757,-7.126613999799999,0 111.6086833286,-7.126530389,0 111.6090968144,-7.126447181,0 111.6093921122,-7.126333459900001,0 111.6096091662,-7.1261390984,0 111.6098075504,-7.125940802399999,0 111.6102871354,-7.125268945,0 111.6104465771,-7.125138419199999,0 111.610667894,-7.1251677587,0 111.6108088133,-7.1252610723,0 111.6108963668,-7.1256320832,0 111.6110283711,-7.125824130699999,0 111.6111338993,-7.125832822599999,0 111.611392056,-7.1257877702,0 111.6115180906,-7.1257246162,0 111.6116937129,-7.125549090100001,0 111.6117926311,-7.1253180642,0 111.6118379408,-7.124916671600001,0 111.6117898693,-7.1245241903,0 111.6118132921,-7.1241502522,0 111.611813026,-7.123949296900001,0 111.6117784614,-7.1237714983,0 111.6115991636,-7.1234566267,0 111.6111477318,-7.122744818699999,0 111.6109123594,-7.1223118374,0 111.6110900106,-7.1220852173,0 111.6112431319,-7.1218601358,0 111.6113290396,-7.121748430100001,0 111.6115048724,-7.121562945,0 111.6115943999,-7.1215343996,0 111.6116926139,-7.1215030861,0 111.6120638676,-7.1216554142,0 111.6123461477,-7.1218660111,0 111.6124013382,-7.1220577394,0 111.6124448932,-7.1226966726,0 111.6126124441,-7.1229123714,0 111.6127404167,-7.1230502941,0 111.6128701026,-7.123179311800001,0 111.613034862,-7.123252093899999,0 111.6131228301,-7.123251977,0 111.6132261882,-7.1231559861,0 111.6134597314,-7.1228841426,0 111.6135991758,-7.122693159,0 111.6136800923,-7.1226324574,0 111.6137988594,-7.1220959839,0 111.6137866646,-7.121691279099999,0 111.6136701664,-7.1211945692,0 111.613390399,-7.1208003307,0 111.6130811249,-7.120517752,0 111.6129471142,-7.1202965431,0 111.6131092557,-7.120074601199999,0 111.6135153383,-7.1198245851,0 111.6140780863,-7.1195970198,0 111.6146137369,-7.1193897638,0 111.6146294868,-7.1191656294,0 111.6145807264,-7.118956135,0 111.6143060114,-7.1188880159,0 111.6139884428,-7.118819161100001,0 111.6137134157,-7.118419735299999,0 111.613839328,-7.1182271653,0 111.6142104063,-7.1179614983,0 111.6146471827,-7.1177429289,0 111.6148553533,-7.117608580099999,0 111.6150918552,-7.1175000724,0 111.6152356379,-7.1173742392,0 111.6154365474,-7.1171901948,0 111.6154601438,-7.1166941116,0 111.6154023524,-7.1163623733,0 111.6153400852,-7.116139922400001,0 111.6151798368,-7.115967213900001,0 111.6150096994,-7.1158967664,0 111.6148196331,-7.1159116034,0 111.614629878,-7.116050796,0 111.6144394321,-7.1162300732,0 111.61425007,-7.1164089456,0 111.6140328648,-7.1165317876,0 111.6138577362,-7.1165125178,0 111.6138196616,-7.116361444299999,0 111.6139583389,-7.116084734599999,0 111.6141809859,-7.115504996599999,0 111.6143415733,-7.1148027573,0 111.6142481553,-7.1145749213,0 111.6141998914,-7.1145181768,0 111.6140674159,-7.114414818599999,0 111.6137236977,-7.11452089,0 111.6131782292,-7.1147210764,0 111.6128082643,-7.1147118539,0 111.6126065688,-7.114554827699999,0 111.61253708,-7.1141617898,0 111.6125567572,-7.1138409297,0 111.612792554,-7.1133796953,0 111.6131031628,-7.112379117700001,0 111.6132640983,-7.1111507256,0 111.6133204597,-7.110833459199999,0 111.6134051848,-7.1106780222,0 111.6136344256,-7.1105430987,0 111.6138223209,-7.110542849600001,0 111.6143891214,-7.110813317999999,0 111.6150902247,-7.1111290987,0 111.6153769727,-7.1112512366,0 111.6156864762,-7.111230904700001,0 111.6159181568,-7.111167544699999,0 111.6164893234,-7.110999144899999,0 111.6169723853,-7.1109985019,0 111.6173474044,-7.1109821684,0 111.6175536944,-7.110759891100001,0 111.6175963376,-7.1102630084,0 111.6177713142,-7.110118327300001,0 111.6182599536,-7.110152651699999,0 111.6189936628,-7.1103918912,0 111.6195694888,-7.1104586883,0 111.6204084673,-7.1104260456,0 111.6204550099,-7.110384664200001,0 111.6206620329,-7.109982314699999,0 111.620908234,-7.1095390038,0 111.6210704798,-7.1093535366,0 111.6214894866,-7.109115567,0 111.62184452,-7.1089125613,0 111.6219387914,-7.1086550269,0 111.6219965999,-7.108428180999999,0 111.6217984343,-7.1082028739,0 111.6213705701,-7.1080074683,0 111.6208322692,-7.1078210019,0 111.620571437,-7.107747674800001,0 111.6202252457,-7.107819607099999,0 111.6198374526,-7.107959885100001,0 111.6195937319,-7.1079695609,0 111.6194017014,-7.1078513316,0 111.619147232,-7.107503281399999,0 111.6189821029,-7.107295207000001,0 111.6187831037,-7.1070273862,0 111.6185123277,-7.106892782899999,0 111.618152973,-7.1068113511,0 111.6174796101,-7.105792313999999,0 111.617279618,-7.1054800909,0 111.6169645827,-7.1050046688,0 111.6166488362,-7.1046486587,0 111.6164717642,-7.104402919,0 111.6163337416,-7.103802917399999,0 111.6162746732,-7.1031335637,0 111.6163504996,-7.102603154300001,0 111.6165206324,-7.102165433600001,0 111.616482413,-7.1017645149,0 111.6161976517,-7.1014425774,0 111.6158436597,-7.1014065227,0 111.6151666662,-7.1013441754,0 111.6148742507,-7.1011901314,0 111.6146951328,-7.1009129936,0 111.6145462167,-7.1004798316,0 111.6143677427,-7.099650664700001,0 111.6141195613,-7.0992131392,0 111.6139012257,-7.0987996129,0 111.6139516983,-7.0981022858,0 111.6140577122,-7.097924965599999,0 111.6142179282,-7.0979380723,0 111.6151624214,-7.0981751246,0 111.6154522082,-7.098486499600001,0 111.6157003446,-7.0987025077,0 111.6158575614,-7.0987632578,0 111.616011769,-7.0987288579,0 111.6161602516,-7.098629829,0 111.6166183573,-7.0982888043,0 111.6168424647,-7.0979728949,0 111.6169294606,-7.0976822224,0 111.6167866222,-7.097105399,0 111.6164767977,-7.096777267,0 111.616134325,-7.0966508852,0 111.6156893162,-7.096608171,0 111.6152604529,-7.096501820799999,0 111.6149616891,-7.0961674268,0 111.6147543891,-7.0951405242,0 111.6148444364,-7.0946882713,0 111.6148873071,-7.094320576299999,0 111.6149083081,-7.094097442800001,0 111.614886638,-7.0934828713,0 111.6146931732,-7.0929015496,0 111.6143971397,-7.092595693699999,0 111.6141647279,-7.092284065200001,0 111.6141549784,-7.0919765132,0 111.6143214024,-7.09168263,0 111.6147609029,-7.0912859166,0 111.6150124738,-7.091045730199999,0 111.6151449881,-7.090814313900001,0 111.6150240967,-7.090519422599999,0 111.6147178514,-7.0901364176,0 111.6144115729,-7.0899020354,0 111.613920071,-7.089735610399999,0 111.6135028206,-7.0895285649,0 111.613310818,-7.0892866068,0 111.6133105366,-7.0890743704,0 111.6136497347,-7.0887472168,0 111.6139689734,-7.0885159624,0 111.6141527157,-7.0883505537,0 111.6141336231,-7.0879614054,0 111.6140368803,-7.0878330757,0 111.6137138186,-7.0877428962,0 111.6131497486,-7.0875678684,0 111.612986456,-7.087257878299999,0 111.6131744044,-7.0869706664,0 111.6137002056,-7.086783383400001,0 111.6141674906,-7.086658416400001,0 111.6143501591,-7.0864179853,0 111.6145018892,-7.086063509399999,0 111.6144579833,-7.0849114554,0 111.6143067282,-7.0846306889,0 111.6141185414,-7.084394196800001,0 111.6137164537,-7.0842443842,0 111.6132027357,-7.084223708799999,0 111.6126939623,-7.0841881298,0 111.6125573714,-7.0839661168,0 111.6125450129,-7.0835310671,0 111.6127339803,-7.0831207829,0 111.6127828387,-7.0828011513,0 111.6126535791,-7.082433628,0 111.6126421244,-7.0821893344,0 111.6127407693,-7.0820969263,0 111.6130570941,-7.0819437196,0 111.6134786684,-7.081868789900001,0 111.6137537063,-7.081925574,0 111.61412947,-7.0821520836,0 111.6144232129,-7.0823294676,0 111.6147939908,-7.082400881,0 111.6149353183,-7.0824006939,0 111.6154846017,-7.0827588103,0 111.6156933686,-7.0828105824,0 111.6159383331,-7.0827695203,0 111.6161797912,-7.0825248768,0 111.6163804587,-7.0823146027,0 111.616428067,-7.0820658584,0 111.6163187391,-7.0817674084,0 111.6162266252,-7.0815043406,0 111.6158879054,-7.0810256206,0 111.6154851647,-7.0805600002,0 111.6152066231,-7.0799287211,0 111.6149492776,-7.0794914762,0 111.6147234758,-7.079225972,0 111.6144745444,-7.0790909433,0 111.6143724021,-7.0789167986,0 111.6143721251,-7.0787067088,0 111.6147764549,-7.0778973244,0 111.6150753742,-7.0773488306,0 111.615803951,-7.076200167,0 111.6166570407,-7.0752581982,0 111.6170160536,-7.0749551923,0 111.6176691962,-7.074510542299999,0 111.6180627008,-7.0743598447,0 111.6185129671,-7.0743081949,0 111.6186035513,-7.0741598796,0 111.6186919169,-7.0738275252,0 111.6188336213,-7.073634216799999,0 111.6191237857,-7.073464842099999,0 111.6193949448,-7.0733938901,0 111.6196389893,-7.0733692163,0 111.6198929858,-7.073443374400001,0 111.6199624656,-7.0737327888,0 111.6199733636,-7.0739958208,0 111.6200292394,-7.0741069329,0 111.6203536734,-7.0740602554,0 111.6207308544,-7.0740044066,0 111.6209638526,-7.0739924726,0 111.6213153544,-7.07404594,0 111.621414243,-7.0743825112,0 111.621345175,-7.0748811637,0 111.6211868053,-7.075346638399999,0 111.6212211738,-7.0754914859,0 111.6212873837,-7.075590275599999,0 111.6214120378,-7.0756563856,0 111.6217317873,-7.0756559594,0 111.6221993889,-7.075563295,0 111.6226228913,-7.0751913282,0 111.622979138,-7.0746986634,0 111.6230735218,-7.0743198771,0 111.623146536,-7.0740636377,0 111.6233166553,-7.0739089408,0 111.6235517273,-7.0739362119,0 111.6240347127,-7.0740765322,0 111.6242032799,-7.074270042,0 111.6243053349,-7.0744856392,0 111.624305692,-7.0747514221,0 111.6242730448,-7.075070427,0 111.6242632296,-7.0753872042,0 111.6243272073,-7.0755416178,0 111.6244235058,-7.0756521642,0 111.6246298094,-7.0755981788,0 111.624827145,-7.0755230198,0 111.624941795,-7.0753700901,0 111.6250026557,-7.0752867724,0 111.6251467208,-7.075089547400001,0 111.6253312401,-7.0748967517,0 111.6253742754,-7.074615183800001,0 111.6253108282,-7.0742697039,0 111.625245479,-7.0739459974,0 111.6251118047,-7.0734926276,0 111.6250860939,-7.073214631,0 111.6251947509,-7.0730243488,0 111.6253685269,-7.072863889100001,0 111.6257579927,-7.0728115521,0 111.6259519378,-7.0729302581,0 111.6262164168,-7.0735132149,0 111.6263411114,-7.0737817929,0 111.6265940987,-7.0740230064,0 111.6268962898,-7.074341933800001,0 111.6269999961,-7.074946255799999,0 111.6272134861,-7.075387286899999,0 111.6273905042,-7.0754956291,0 111.6277245501,-7.075581546800001,0 111.6279797993,-7.075504780599999,0 111.6281203939,-7.0754168557,0 111.6281200099,-7.0751331034,0 111.6280860767,-7.0747224388,0 111.6280506003,-7.0744423791,0 111.627789429,-7.073923043100001,0 111.6272113799,-7.072913799600001,0 111.6269774357,-7.072547459000001,0 111.6265648672,-7.0721045834,0 111.6261797037,-7.071676293800001,0 111.6259702678,-7.0714047246,0 111.6257563533,-7.071251035,0 111.6254939212,-7.0711157311,0 111.625440908,-7.0708097026,0 111.6255418254,-7.0706388044,0 111.6258700087,-7.070619653399999,0 111.626373585,-7.070676214400001,0 111.6266119908,-7.0706064972,0 111.6267256048,-7.0704766099,0 111.6267253818,-7.0703108846,0 111.6266529801,-7.0699217318,0 111.6263350769,-7.069702712699999,0 111.6259610938,-7.0693409604,0 111.6258732274,-7.069069508200001,0 111.625873025,-7.0689188537,0 111.6260961198,-7.0687988716,0 111.6268566864,-7.0684770672,0 111.6270277141,-7.0682774662,0 111.6271009036,-7.0680363976,0 111.62736704,-7.067503596900001,0 111.6274443574,-7.0673754777,0 111.6278188701,-7.067243638900001,0 111.6280939314,-7.067151756900001,0 111.6282179821,-7.0670648788,0 111.6283260068,-7.0669722559,0 111.6283460482,-7.066749001,0 111.6281414588,-7.066664283,0 111.6279188073,-7.0666368222,0 111.6278651034,-7.0665034033,0 111.6279431996,-7.0663319044,0 111.6281773219,-7.0660098356,0 111.6281137057,-7.0658688354,0 111.6280565043,-7.0656983977,0 111.6279086261,-7.0654673411,0 111.6277951991,-7.0652578648,0 111.6278801077,-7.0650878722,0 111.6282856192,-7.0647723487,0 111.6284919731,-7.0645550626,0 111.6286634711,-7.0642414348,0 111.6288587544,-7.0639700824,0 111.6290390136,-7.0636899013,0 111.6291044303,-7.063558940199999,0 111.6290561691,-7.0633833404,0 111.6289406188,-7.063303763,0 111.6286029342,-7.063072100299999,0 111.6283577646,-7.062584567,0 111.6282119242,-7.0624498297,0 111.6279717522,-7.0621663094,0 111.6279906856,-7.0620415096,0 111.6280895058,-7.061909689700001,0 111.6283607674,-7.0618391406,0 111.6286180437,-7.061734982,0 111.6286920903,-7.0616516517,0 111.6287005169,-7.061496551,0 111.6286721361,-7.061337362,0 111.6284588241,-7.060887730699999,0 111.6284991983,-7.0606930868,0 111.6290792763,-7.060340658699999,0 111.6294943764,-7.0600936689,0 111.6297230937,-7.059864875999999,0 111.6298492569,-7.0597260476,0 111.6298978221,-7.059535807699999,0 111.6298349199,-7.0594107228,0 111.6297491696,-7.0593348902,0 111.6294155823,-7.0595796353,0 111.6289733523,-7.0598271611,0 111.6288091316,-7.0597046321,0 111.6285822102,-7.059435332799999,0 111.6282226541,-7.0592006232,0 111.6277772567,-7.058855082100001,0 111.6277110513,-7.058797447200001,0 111.6275069646,-7.0587422127,0 111.6272745672,-7.0587976253,0 111.6270433308,-7.0589680873,0 111.6267709126,-7.0592825281,0 111.6266354271,-7.059314902799999,0 111.6265873098,-7.0592291659,0 111.6265362436,-7.0586398878,0 111.6264323413,-7.058493459299999,0 111.6262856133,-7.0584248132,0 111.6261558852,-7.0584249867,0 111.6260837083,-7.058449096600001,0 111.6259093423,-7.0587026443,0 111.6257344251,-7.0589909337,0 111.6254171668,-7.059165056800001,0 111.6251170108,-7.0593159226,0 111.6249553406,-7.059101472999999,0 111.6249422942,-7.0587866329,0 111.6250588589,-7.058318812800001,0 111.62545018,-7.0577819022,0 111.6257478007,-7.057281979,0 111.625788754,-7.057117610800001,0 111.6258017322,-7.0569807753,0 111.6257444391,-7.056795896300001,0 111.6255605286,-7.0566410681,0 111.6251119602,-7.056588401999999,0 111.6248191167,-7.056185126199999,0 111.6249161482,-7.055949135099999,0 111.6251588716,-7.055636934599999,0 111.6253777927,-7.0554422709,0 111.6257117028,-7.0553466092,0 111.6259985299,-7.055311880000001,0 111.626185963,-7.0553116291,0 111.6266457234,-7.0554943858,0 111.6268397683,-7.0555959399,0 111.6272435576,-7.0556049898,0 111.6276230913,-7.0552632906,0 111.6275677659,-7.0542722422,0 111.6275998439,-7.0539780811,0 111.6274319009,-7.0538075894,0 111.6271007246,-7.0537419731,0 111.626831125,-7.0538204516,0 111.6266969452,-7.0539636254,0 111.6264557012,-7.0542071268,0 111.6263561336,-7.0545260731,0 111.6262331019,-7.0546414561,0 111.6260963797,-7.0547206693,0 111.6259097677,-7.0547804661,0 111.6257305292,-7.0547568679,0 111.625578515,-7.0546214201,0 111.6254693832,-7.054408804200001,0 111.6255005699,-7.054082728899999,0 111.6256323449,-7.053682902,0 111.6256614478,-7.0534183539,0 111.6256712378,-7.0532072857,0 111.6255965267,-7.0529850524,0 111.6254410456,-7.0528967183,0 111.6251966998,-7.0528483051,0 111.6249395926,-7.0528783533,0 111.6247648408,-7.0529745447,0 111.6245789438,-7.053169802800001,0 111.6243519962,-7.0534418738,0 111.6242409237,-7.0535381697,0 111.624021034,-7.0535610133,0 111.6237041058,-7.0534696782,0 111.6233241008,-7.053308177000001,0 111.6230470494,-7.053407309299999,0 111.6227743336,-7.053513657699999,0 111.6224499319,-7.053503651,0 111.6221096644,-7.0533795886,0 111.6217858267,-7.0532427891,0 111.6216935832,-7.0530593436,0 111.6216449164,-7.0528822491,0 111.6216767821,-7.0526899318,0 111.6217895858,-7.0524379822,0 111.6219426046,-7.052259397600001,0 111.6222234089,-7.052072094,0 111.6224800736,-7.0518769456,0 111.622681859,-7.051630229199999,0 111.6227475679,-7.0513095831,0 111.6227017421,-7.0510712852,0 111.6225695364,-7.0507537382,0 111.6223646438,-7.0505753559,0 111.6222962621,-7.0505158216,0 111.6219146006,-7.050400033,0 111.6213243324,-7.0503043002,0 111.6207662491,-7.0501069611,0 111.6205564408,-7.0500081508,0 111.6202620648,-7.0499428366,0 111.6200271349,-7.0500473801,0 111.6196084268,-7.050399756,0 111.619236817,-7.050445652,0 111.6187837026,-7.0504060747,0 111.6184379394,-7.0502707132,0 111.6182643441,-7.050045002300001,0 111.6182357439,-7.0498611629,0 111.6182536161,-7.049753310800001,0 111.6184241887,-7.0496314167,0 111.6186116272,-7.0494556406,0 111.6187131859,-7.0493330414,0 111.618737097,-7.0491238636,0 111.618559302,-7.048876086000001,0 111.6182249214,-7.0487615447,0 111.6179403741,-7.048764381199999,0 111.6178044443,-7.048535128700001,0 111.6176997857,-7.048240535100001,0 111.6176362891,-7.0479885459,0 111.6175142466,-7.047779682,0 111.6174930693,-7.047428404999999,0 111.6175247911,-7.047215496800001,0 111.6175413899,-7.0470706034,0 111.6177732657,-7.0467430973,0 111.6179097351,-7.046606581999999,0 111.6180190208,-7.046579171600001,0 111.6181829321,-7.0465244209,0 111.6184699193,-7.0465376742,0 111.6186477854,-7.0467010396,0 111.6192494327,-7.0469865429,0 111.6194952444,-7.0468635183,0 111.6193445126,-7.0465501514,0 111.6188655787,-7.046059984,0 111.6188787196,-7.045664599700001,0 111.619081746,-7.0453059591,0 111.6191894542,-7.044960483599999,0 111.6184314804,-7.044357157299999,0 111.6177600367,-7.043753714000001,0 111.6174565407,-7.043279282900001,0 111.6177150274,-7.0424371964,0 111.6180817737,-7.041750673799999,0 111.6186858222,-7.0404764648,0 111.6187285751,-7.04008791,0 111.6185120984,-7.039980279199999,0 111.6174961001,-7.040564369099999,0 111.616760934,-7.0408459216,0 111.6165442873,-7.0406087911,0 111.6169548926,-7.040284500900001,0 111.6170035621,-7.0399727536,0 111.6167595373,-7.039788345,0 111.6162615989,-7.039508416599999,0 111.6163477638,-7.039227722000001,0 111.6167839224,-7.039014251699999,0 111.6169962497,-7.0388383704,0 111.6169309499,-7.0385362899,0 111.6166953059,-7.038055566299999,0 111.6165622171,-7.0378029458,0 111.6163887244,-7.0374794264,0 111.616171905,-7.037112795299999,0 111.6158905044,-7.0369836662,0 111.6155660048,-7.036984093300001,0 111.6153282951,-7.0371786554,0 111.6149824743,-7.0374165252,0 111.6144851923,-7.0376330109,0 111.614073962,-7.0374824679,0 111.6140516193,-7.036942915199999,0 111.6143321142,-7.036381382999999,0 111.6143946396,-7.0359550333,0 111.614069719,-7.0356317099,0 111.613563238,-7.0353040698,0 111.6135280951,-7.035028088599999,0 111.6138521973,-7.0347254982,0 111.6139599352,-7.0344016082,0 111.6138513753,-7.034099585299999,0 111.613872495,-7.033711059299999,0 111.6140452503,-7.0334734162,0 111.6142397772,-7.0333436611,0 111.6144513446,-7.033286867999999,0 111.6147371113,-7.033170342799999,0 111.6149316949,-7.0330837552,0 111.615147883,-7.0329755551,0 111.6152557369,-7.0327379974,0 111.6152770301,-7.0324789701,0 111.6153800996,-7.0323441186,0 111.6155579738,-7.032398388200001,0 111.6159546297,-7.032452556999999,0 111.6161204611,-7.0322836122,0 111.615967329,-7.031811057099999,0 111.6154882152,-7.0313751027,0 111.6153783747,-7.031033997,0 111.6154731803,-7.0302423661,0 111.6146003514,-7.0298583232,0 111.6147500823,-7.0283605221,0 111.6145329032,-7.0277133079,0 111.6140780477,-7.0272822386,0 111.6137961696,-7.0267861932,0 111.6140982051,-7.0261598829,0 111.6140322614,-7.0253613892,0 111.6135338877,-7.0247361266,0 111.6137924293,-7.0242967016,0 111.614011139,-7.024074187800001,0 111.614378584,-7.0238362901,0 111.6145296152,-7.0235339263,0 111.6147888673,-7.023274588,0 111.6148533118,-7.022929170900001,0 111.6143119011,-7.0224766321,0 111.61431108,-7.021850719199999,0 111.614419773,-7.0213345192,0 111.6147645703,-7.021245793899999,0 111.6151964572,-7.0206624783,0 111.6150078073,-7.020135251599999,0 111.615029043,-7.019677617199999,0 111.6149193167,-7.0192637321,0 111.614722331,-7.018915329400001,0 111.6141326113,-7.018828945,0 111.6137611634,-7.018655105100001,0 111.6136298301,-7.0184155734,0 111.6136809331,-7.0182364662,0 111.6139404064,-7.018149793199999,0 111.6144380364,-7.018213892399999,0 111.6146779719,-7.0183924132,0 111.614914061,-7.0182996013,0 111.615065122,-7.0180188213,0 111.6151573429,-7.0176073167,0 111.6152805096,-7.0173062912,0 111.6153234064,-7.017025653199999,0 111.6153444154,-7.0165507932,0 111.6149540134,-7.0157743068,0 111.614758445,-7.015105481000001,0 111.6149522004,-7.014392978800001,0 111.6149933444,-7.013839883100001,0 111.614690182,-7.013602865,0 111.6140193021,-7.013387909,0 111.6133915754,-7.0130865633,0 111.6134772268,-7.0124173706,0 111.6137139931,-7.0115105626,0 111.6135837794,-7.011186983799999,0 111.6131722307,-7.0107774379,0 111.6143234439,-7.009913987999999,0 111.6148171618,-7.0090590916,0 111.6145054828,-7.0083826171,0 111.6139193128,-7.0078563788,0 111.6138324563,-7.0075490993,0 111.6135721637,-7.0071317707,0 111.6132292028,-7.0066956346,0 111.6136329741,-7.005982743799999,0 111.6143953959,-7.0045653367,0 111.614874356,-7.0034751713,0 111.6150472012,-7.00310664,0 111.6150032018,-7.002545533100001,0 111.6152404439,-7.0020056404,0 111.6153910147,-7.0013579442,0 111.6153686764,-7.000818392400001,0 111.61603821,-7.000018933700001,0 111.616104008,-6.999441793799999,0 111.6170757246,-6.9981455227,0 111.6172254464,-6.996850330800001,0 111.6169431609,-6.9960305349,0 111.6168806679,-6.995505797599999,0 111.617333794,-6.9946418728,0 111.6176781067,-6.9932816752,0 111.618327428,-6.992603203299999,0 111.6189546772,-6.992559212000001,0 111.6195814966,-6.992191473,0 111.6205112661,-6.9919096668,0 111.6211078026,-6.9918576176,0 111.6217441557,-6.991843291399999,0 111.62196001,-6.991497673,0 111.6222837642,-6.990957665199999,0 111.6224126352,-6.990266829399999,0 111.622627977,-6.9895327137,0 111.6223316189,-6.988375600099999,0 111.6221919506,-6.9870021779,0 111.6221478326,-6.986354738,0 111.6227961871,-6.986256461,0 111.6228604517,-6.9857815443,0 111.6227068394,-6.9841198364,0 111.6225533099,-6.9825228769,0 111.6225962579,-6.982285402799999,0 111.6232327288,-6.9816472556,0 111.6232890632,-6.981590772799999,0 111.6232603839,-6.9814925282,0 111.6228483343,-6.9800809909,0 111.6224495353,-6.9795216954,0 111.6221417972,-6.979040541,0 111.6218337407,-6.9783185967,0 111.621504052,-6.9778155762,0 111.6209990692,-6.9774660071,0 111.6202962939,-6.976832138799999,0 111.6194838959,-6.9762422033,0 111.6190225769,-6.9757174579,0 111.6187589434,-6.9754113494,0 111.6180701499,-6.9744323878,0 111.617455091,-6.973776515,0 111.6169058462,-6.9731205558,0 111.6162689248,-6.9725084898,0 111.6155439903,-6.9716995253,0 111.6146877601,-6.9711096249,0 111.6138539762,-6.9709355917,0 111.6129642778,-6.9709497623,0 111.6119468451,-6.9703251652,0 111.6113411733,-6.9703043648,0 111.6101679141,-6.9702180154,0 111.6097324921,-6.9700986628,0 111.6090738358,-6.969639835,0 111.60863491,-6.9694652946,0 111.608262078,-6.9695095538,0 111.607888943,-6.9693349172,0 111.60747194,-6.9691603363,0 111.6067693644,-6.9686577816,0 111.6060229208,-6.9681552836,0 111.6054302523,-6.9678277038,0 111.6048597809,-6.9676970961,0 111.6038286452,-6.9675670767,0 111.6033019311,-6.9673488517,0 111.6029724987,-6.9670428286,0 111.6024452819,-6.966430589900001,0 111.6018743464,-6.965949754799999,0 111.601369306,-6.9655345,0 111.600469493,-6.9651635243,0 111.5989110983,-6.9643774718,0 111.5978406766,-6.9638350386,0 111.5972305828,-6.9636564071,0 111.5966461404,-6.9633118121,0 111.5961477802,-6.9626217713,0 111.5960171267,-6.9619312673,0 111.5955621381,-6.9613275048,0 111.5949774789,-6.960810239,0 111.5943708493,-6.9605778848,0 111.5939389778,-6.960595709300001,0 111.5936365943,-6.9609414231,0 111.5932698606,-6.961718886100001,0 111.5926179762,-6.9621123422,0 111.590984489,-6.962259610700001,0 111.5900329623,-6.962411883,0 111.5877695512,-6.961483593799999,0 111.5875011054,-6.961486947400001,0 111.5862891349,-6.9609272813,0 111.5850797473,-6.9606250812,0 111.58385075,-6.960101244999999,0 111.5829945019,-6.9594675026,0 111.5821164137,-6.958899462,0 111.5814351539,-6.9578714857,0 111.5806011532,-6.9574785053,0 111.5791962773,-6.9566265308,0 111.5787444984,-6.956557746099999,0 111.5774900134,-6.9566941076,0 111.5766382223,-6.9561225318,0 111.5756934062,-6.9555955399,0 111.57536591,-6.9560365207,0 111.5750155656,-6.956540406300001,0 111.5744894919,-6.956847502299999,0 111.5740289041,-6.9568699449,0 111.5735682147,-6.9568267226,0 111.5722699336,-6.9569361467,0 111.571901887,-6.956656005200001,0 111.5713607784,-6.9563544904,0 111.5708630342,-6.9561392556,0 111.5707113671,-6.9559236036,0 111.5702955719,-6.9552409642,0 111.5698842157,-6.954917707399999,0 111.567328811,-6.9523307536,0 111.5675662958,-6.951963551400001,0 111.5672198077,-6.951618629,0 111.5675214053,-6.9506038439,0 111.5674553762,-6.949654247899999,0 111.5676311891,-6.9492926306,0 111.5676522486,-6.9488177678,0 111.5680039671,-6.9484663029,0 111.5679326293,-6.948148343099999,0 111.5678889546,-6.9478030583,0 111.5679316184,-6.9473065884,0 111.5679525754,-6.9467453899,0 111.5681326763,-6.946058290800001,0 111.5682418522,-6.945642259,0 111.5684827851,-6.9453574077,0 111.5688620202,-6.9450538856,0 111.5689210454,-6.945006645099999,0 111.5690748321,-6.9446936118,0 111.5692908637,-6.944477516400001,0 111.5695120834,-6.944020910799999,0 111.5699216994,-6.9437065132,0 111.5705919974,-6.9435330394,0 111.5715855819,-6.9424095002,0 111.5718660796,-6.9418479914,0 111.5715630413,-6.9416541048,0 111.5716921372,-6.9410927776,0 111.572124247,-6.940703755199999,0 111.5717570224,-6.940155893599999,0 111.5720809627,-6.939745416900001,0 111.572099861,-6.9392042876,0 111.5727290213,-6.9390755461,0 111.5728886069,-6.9384809899,0 111.5729538069,-6.9379774514,0 111.573376115,-6.9376070872,0 111.5735231236,-6.9371887298,0 111.573807411,-6.936548974600001,0 111.5741410352,-6.9362944268,0 111.5746533151,-6.9360622039,0 111.5748858816,-6.9355492828,0 111.5749334953,-6.9352416913,0 111.5746951084,-6.9348534773,0 111.5746293581,-6.9341413024,0 111.5750370576,-6.933600934799999,0 111.575125666,-6.9331910274,0 111.5752333922,-6.9328455601,0 111.5752757602,-6.9321116701,0 111.5754910237,-6.931269652,0 111.5756477018,-6.9307107737,0 111.5758442909,-6.929862764299999,0 111.575711613,-6.9289873426,0 111.5757989659,-6.9286588958,0 111.5759737591,-6.9281114443,0 111.5760390076,-6.927651684800001,0 111.5761913222,-6.926644579899999,0 111.5760592828,-6.9262945152,0 111.5760589366,-6.9260099526,0 111.5761899939,-6.925550103200001,0 111.5764965853,-6.9251557253,0 111.5767592108,-6.924695727400001,0 111.5768904929,-6.924374343,0 111.5768468164,-6.92402906,0 111.5765868836,-6.9237056224,0 111.5767805148,-6.9228636322,0 111.5769314157,-6.9224533614,0 111.577040945,-6.9218816228,0 111.5771284292,-6.9211508994,0 111.5771497917,-6.920691192,0 111.5769309417,-6.920349328299999,0 111.5767789968,-6.9198962579,0 111.5770270559,-6.9197875973,0 111.5772746851,-6.9184495617,0 111.5771010557,-6.9179533527,0 111.5771869661,-6.917456827999999,0 111.5774744128,-6.917079019200001,0 111.5781321922,-6.9169031019,0 111.5786932253,-6.916609223199999,0 111.5790875618,-6.9162366233,0 111.579789203,-6.9160606503,0 111.5803374711,-6.9160162031,0 111.5809514383,-6.9158841152,0 111.5814775497,-6.9156645754,0 111.5826175996,-6.9152910599,0 111.5839330946,-6.9148954329,0 111.5852925314,-6.914565423099999,0 111.5857749907,-6.9145210496,0 111.5864109238,-6.9144108242,0 111.5870188574,-6.9140451113,0 111.5876026712,-6.9139364732,0 111.5882515276,-6.913957255599999,0 111.5891810138,-6.9135460208,0 111.5900459862,-6.9134370338,0 111.590713964,-6.9134072213,0 111.5910408064,-6.9133926334,0 111.5915166422,-6.9134136262,0 111.5924464162,-6.9132398026,0 111.5938086912,-6.913022271,0 111.5943924196,-6.912848877199999,0 111.5951062403,-6.9129343191,0 111.595762981,-6.913102074099999,0 111.5963691222,-6.913554568,0 111.5971259818,-6.9134672861,0 111.5979257183,-6.9130777798,0 111.5985091193,-6.9126453786,0 111.5989940976,-6.912528214,0 111.5994982207,-6.9122649141,0 111.6000682299,-6.9120671829,0 111.6006495157,-6.9120599334,0 111.6010820158,-6.9120162201,0 111.6015792591,-6.9118645089,0 111.6023360296,-6.9117124687,0 111.6025235517,-6.911166622400001,0 111.6032122687,-6.9104699716,0 111.6035625241,-6.9099441758,0 111.6037811628,-6.909396672099999,0 111.6041097463,-6.909067905200001,0 111.6046356986,-6.9087388972,0 111.605249369,-6.9083878936,0 111.6054898702,-6.9077965723,0 111.605269842,-6.9072496136,0 111.6056422567,-6.9068989059,0 111.6062554504,-6.9061757718,0 111.6068465883,-6.9053651166,0 111.606823893,-6.9047741289,0 111.606955194,-6.904533180799999,0 111.6075037094,-6.9041204918,0 111.6077225648,-6.9037480942,0 111.6079845904,-6.9028502884,0 111.6080716934,-6.9023467193,0 111.6080266859,-6.9014493146,0 111.6076957929,-6.8999612469,0 111.6074091493,-6.898757695,0 111.6069906084,-6.8984440322,0 111.6065957008,-6.8983569751,0 111.6058940444,-6.8984892051,0 111.6053237411,-6.898424265099999,0 111.6047094727,-6.8982937051,0 111.6043145884,-6.8982066462,0 111.60409501,-6.8980099114,0 111.6038970134,-6.8975285988,0 111.6038304843,-6.8969376659,0 111.6038301506,-6.8966749893,0 111.6039394542,-6.89639029,0 111.6042023162,-6.8961491763,0 111.6044654218,-6.896083167900001,0 111.6048821074,-6.896060755899999,0 111.6052329896,-6.896038428400001,0 111.6054300419,-6.895775500800001,0 111.605517375,-6.8954689336,0 111.6056927923,-6.8954468283,0 111.6062191124,-6.8954023802,0 111.6068330706,-6.895292145799999,0 111.6072714802,-6.8951164713,0 111.6075998074,-6.894612607300001,0 111.6076013587,-6.894067977000001,0 111.6075129401,-6.8935208519,0 111.6070520348,-6.8932587607,0 111.6070295356,-6.892820995899999,0 111.6071164721,-6.8921860997,0 111.607115107,-6.8911135107,0 111.6070486093,-6.890566357799999,0 111.6063684377,-6.8903483243,0 111.6060172812,-6.8901517676,0 111.6056000947,-6.8897582917,0 111.6061919943,-6.889560529000001,0 111.6063018231,-6.8896917284,0 111.6064772646,-6.8896915054,0 111.6067184808,-6.8896693146,0 111.6069158649,-6.8896690637,0 111.6070456379,-6.8897058927,0 111.607069443,-6.8897126493,0 111.6071792718,-6.8898438478,0 111.6073324596,-6.889580976000001,0 111.6074454486,-6.8882743366,0 111.6075783828,-6.8878892982,0 111.6082919742,-6.8878236422,0 111.6097184923,-6.887174321800001,0 111.6098908411,-6.8866560992,0 111.6102583347,-6.885419090699999,0 111.6105386228,-6.884749648899999,0 111.6108836477,-6.8839722048,0 111.6114012983,-6.8828923726,0 111.6121682914,-6.8815876119,0 111.6115078563,-6.8816619831,0 111.6115518152,-6.880845790799999,0 111.6117669159,-6.8799390134,0 111.6121115217,-6.878837818699999,0 111.6124559081,-6.8775639569,0 111.6126489647,-6.876333455900001,0 111.6125181331,-6.8754918713,0 111.6133260049,-6.8740765641,0 111.61354037,-6.873521678800001,0 111.6135575938,-6.8729670471,0 111.612820808,-6.871465191899999,0 111.6117071146,-6.8695523294,0 111.6111845311,-6.868340553200001,0 111.6104853433,-6.86819832,0 111.6105564482,-6.8677330773,0 111.6108418966,-6.8666950672,0 111.6110738093,-6.865836027599999,0 111.6112871932,-6.8645118496,0 111.612006882,-6.8642138629,0 111.6124189963,-6.864105994600001,0 111.6129387514,-6.8641053309,0 111.6134588033,-6.864319351600001,0 111.614139957,-6.864372157,0 111.6149088648,-6.8629936007,0 111.6150873046,-6.8623672004,0 111.6149067756,-6.8613655661,0 111.6145124382,-6.861330290200001,0 111.614082046,-6.8611519357,0 111.6137014772,-6.8604446261,0 111.6131450307,-6.8597833843,0 111.6133410892,-6.858924391400001,0 111.6128385454,-6.8583883191,0 111.6133393499,-6.8575647181,0 111.6131952237,-6.8569924067,0 111.6126029122,-6.856313325,0 111.6119019239,-6.854831296200001,0 111.6118296346,-6.8543662361,0 111.6125279573,-6.8538465161,0 111.6127602972,-6.8533273896,0 111.6126159002,-6.8525403929,0 111.6133489007,-6.8511082199,0 111.6136700927,-6.849998601300001,0 111.6137788918,-6.8490363042,0 111.6135982908,-6.8474124694,0 111.6133692218,-6.8462767129,0 111.6134142266,-6.8458676823,0 111.6137322044,-6.845321970100001,0 111.6146409657,-6.8440030046,0 111.6148680023,-6.843548293,0 111.6148674204,-6.8430938719,0 111.6142284728,-6.841822318599999,0 111.6145010933,-6.8414129976,0 111.6150913147,-6.8401853106,0 111.6150905602,-6.8395945576,0 111.6149072523,-6.8386405244,0 111.614769102,-6.8374137682,0 111.6149045804,-6.8365501996,0 111.6149033024,-6.8355504737,0 111.6144924427,-6.8346421656,0 111.614126996,-6.8336429046,0 111.6139896038,-6.8330069013,0 111.6147014316,-6.8325710557,0 111.6191955804,-6.821665458399999,0 111.6193157199,-6.8217062148,0 111.6301811014,-6.8253922957,0 111.6355315118,-6.8287871528,0 111.6411665081,-6.8277876921,0 111.6427382236,-6.8278611928,0 111.6438918406,-6.828344243,0 111.6450611221,-6.828671670899999,0 111.6472767737,-6.8292138631,0 111.6489757558,-6.8295123967,0 111.6496115558,-6.8282553756,0 111.6502534847,-6.8272502222,0 111.6509675734,-6.826461533,0 111.6516334719,-6.826321323300001,0 111.6518830733,-6.8259882054,0 111.652716931,-6.8262485483,0 111.6537055818,-6.8265702232,0 111.6548287326,-6.8269624284,0 111.6554964054,-6.8270826668,0 111.6556361682,-6.826917662800001,0 111.6560518654,-6.8265570742,0 111.6564359506,-6.826324217300001,0 111.6564970874,-6.8256889749,0 111.6560514967,-6.824471041,0 111.6562169144,-6.8236953811,0 111.6566319281,-6.822836300199999,0 111.6569915256,-6.8220326804,0 111.6576009413,-6.8213118036,0 111.6581375902,-6.8214193454,0 111.6588351457,-6.8212063824,0 111.6591987758,-6.820872730300001,0 111.6594107451,-6.8205695697,0 111.6595920062,-6.8199938696,0 111.6597127491,-6.819539402600001,0 111.6598029808,-6.8189638257,0 111.6599235583,-6.818388208300001,0 111.6599839091,-6.8181458294,0 111.6602565998,-6.8178728734,0 111.6606507393,-6.8176603286,0 111.6613472814,-6.816720480400001,0 111.6619832738,-6.815871571600001,0 111.6627705898,-6.8147498733,0 111.6636539866,-6.8125725868,0 111.6641988184,-6.8116329436,0 111.6648342893,-6.8104205918,0 111.6653791993,-6.809541519799999,0 111.6658631452,-6.808450527100001,0 111.6662561039,-6.8073899386,0 111.666649176,-6.806420215799999,0 111.667231738,-6.8052252704,0 111.6672845201,-6.8051170028,0 111.6673441973,-6.8043900296,0 111.6675542258,-6.803606213800001,0 111.6681280778,-6.8017276334,0 111.6673687991,-6.8011532283,0 111.6662754528,-6.800336983900001,0 111.6657589281,-6.7997925289,0 111.6656359009,-6.798581219399999,0 111.6654815412,-6.796643068000001,0 111.6653583917,-6.795340899199999,0 111.6651455608,-6.7950080349,0 111.6642652289,-6.794645795200001,0 111.6641432889,-6.7942219456,0 111.6641686848,-6.793679941300001,0 111.664258171,-6.7925592043,0 111.6640755528,-6.792135432999999,0 111.6636804807,-6.7916513864,0 111.6631642177,-6.791288644,0 111.6624965124,-6.791107838900001,0 111.6620409707,-6.790775304599999,0 111.661766887,-6.790018500899999,0 111.6616444237,-6.789200922700001,0 111.6616435144,-6.788534606000001,0 111.6615215358,-6.7880804699,0 111.6612781199,-6.787565921,0 111.6612471248,-6.7870813753,0 111.6613676033,-6.7864451841,0 111.6615186013,-6.7859300974,0 111.6612756809,-6.7857789906,0 111.6609416682,-6.7855674413,0 111.660243761,-6.7854775262,0 111.6594850804,-6.785404524600001,0 111.6599535588,-6.7841150083,0 111.6599761741,-6.7834558412,0 111.6599392668,-6.7826660053,0 111.6599982956,-6.7814544441,0 111.660118579,-6.7806668214,0 111.6604198123,-6.7790914817,0 111.6607505632,-6.776910366699999,0 111.6613876258,-6.7768792142,0 111.6623589341,-6.777241333399999,0 111.6632085273,-6.777331039,0 111.6640277764,-6.7774207787,0 111.6644219636,-6.7772688068,0 111.6646944249,-6.776844413100001,0 111.6646933053,-6.7760266641,0 111.6646617283,-6.775118097,0 111.6642794732,-6.7739407118,0 111.664126834,-6.773244316399999,0 111.664308283,-6.772820052199999,0 111.6644595553,-6.7725169753,0 111.6648234066,-6.7723650402,0 111.6651872471,-6.7722131096,0 111.6653990698,-6.771819090599999,0 111.6654590411,-6.771304128,0 111.665367161,-6.7706682273,0 111.6654272977,-6.7702744096,0 111.6655176427,-6.7697896984,0 111.6656686641,-6.7693048973,0 111.6660016713,-6.768789565100001,0 111.6663043867,-6.7683045571,0 111.666425199,-6.7679106621,0 111.6666370604,-6.767546927699999,0 111.666970564,-6.7673950332,0 111.6673949928,-6.7671824406,0 111.6677586732,-6.7669093579,0 111.6677886728,-6.7666670248,0 111.6674545882,-6.7663948998,0 111.6672417708,-6.7660620364,0 111.6672718954,-6.7659105573,0 111.6677569258,-6.765637308200001,0 111.6679387337,-6.7654856259,0 111.6680596269,-6.7651523038,0 111.6683927133,-6.7646975392,0 111.6688770234,-6.7639094147,0 111.669149723,-6.763666743399999,0 111.6694527657,-6.763424029,0 111.6698778582,-6.763696027099999,0 111.6702419523,-6.7637258127,0 111.6708184348,-6.7637855906,0 111.6716983891,-6.7639055278,0 111.6721839483,-6.7640260037,0 111.672184702,-6.764571169099999,0 111.6723973107,-6.7647525939,0 111.6727007716,-6.7648127531,0 111.6729733453,-6.7644792143,0 111.67336752,-6.764327237,0 111.6734890697,-6.764478501199999,0 111.6734895733,-6.7648419478,0 111.6739143006,-6.7648413596,0 111.6743393966,-6.7651133542,0 111.6748552586,-6.7652034977,0 111.6752801019,-6.7652937681,0 111.6754320379,-6.765475281,0 111.6753110341,-6.7657177454,0 111.6750686272,-6.765930087,0 111.6747357153,-6.7665060012,0 111.6744331357,-6.767081873,0 111.6743429679,-6.7676877373,0 111.6740710668,-6.768505864100001,0 111.6737380272,-6.7689909134,0 111.6737386558,-6.769445219400001,0 111.673830169,-6.7698085347,0 111.6738915594,-6.7703233301,0 111.6742559944,-6.770595407399999,0 111.6745290322,-6.770595028699999,0 111.6748323169,-6.770534028600001,0 111.675104976,-6.7702610682,0 111.6764382254,-6.7691083154,0 111.6765899213,-6.7691081041,0 111.67683274,-6.7691986262,0 111.676927596,-6.769577811,0 111.6768676373,-6.770092773600001,0 111.676837895,-6.77051683,0 111.6767173867,-6.7711227356,0 111.6769604294,-6.7713646937,0 111.6774763722,-6.7715154066,0 111.6775679412,-6.771909013799999,0 111.6772949034,-6.7719093942,0 111.677052198,-6.7719097323,0 111.6768402161,-6.7721826046,0 111.676446037,-6.772334591,0 111.6756273859,-6.7726688861,0 111.6754758996,-6.772820534199999,0 111.6752943454,-6.7731539417,0 111.6752645068,-6.7735174252,0 111.6752652226,-6.774032304100001,0 111.6752655599,-6.774274594999999,0 111.6752051362,-6.7744564019,0 111.674963072,-6.7749110398,0 111.6751455543,-6.775243941899999,0 111.6755098247,-6.775394873299999,0 111.6759041756,-6.775364039099999,0 111.6759645579,-6.775151943900001,0 111.6760246857,-6.774758131699999,0 111.6762065367,-6.7746367277,0 111.6763883976,-6.7745153291,0 111.6765700481,-6.7742424937,0 111.6765692459,-6.7736670427,0 111.6767202564,-6.7731822452,0 111.6768416092,-6.7731820761,0 111.6770844423,-6.7732725974,0 111.6776308146,-6.773483845399999,0 111.6780252914,-6.773543868,0 111.6784192592,-6.7732404493,0 111.6784487876,-6.772664955100001,0 111.6784480259,-6.7721197906,0 111.6781139322,-6.7718476737,0 111.6779010627,-6.771484529300001,0 111.6781883646,-6.7714960838,0 111.6784309738,-6.7714351673,0 111.6784609788,-6.771192834200001,0 111.6785211479,-6.7708293021,0 111.678550634,-6.7702235233,0 111.678641104,-6.7698296679,0 111.6790961574,-6.769829033,0 111.6795818191,-6.7700100782,0 111.6804618166,-6.770160279399999,0 111.6810989413,-6.7701896728,0 111.6820699591,-6.770339749,0 111.6825252364,-6.7704905419,0 111.6828898782,-6.7709140497,0 111.6833755741,-6.7711253724,0 111.6836486218,-6.771124988400001,0 111.6839217441,-6.771185181900001,0 111.6844984056,-6.7713660877,0 111.6848015742,-6.7712142291,0 111.6850437536,-6.7708504407,0 111.6850429433,-6.770274995999999,0 111.6851027653,-6.7696691749,0 111.6854051192,-6.7689418599,0 111.6856164104,-6.7681843933,0 111.6859798984,-6.7677901467,0 111.6864644899,-6.7672140167,0 111.6869791459,-6.766456115799999,0 111.6874633499,-6.765607398599999,0 111.6877055274,-6.7652436147,0 111.6877051407,-6.764971032900001,0 111.686524079,-6.763979623000001,0 111.6866450019,-6.7636765829,0 111.6868573588,-6.7636762843,0 111.6873127602,-6.7639179367,0 111.6873961624,-6.7636821767,0 111.6875298448,-6.7633963703,0 111.6877887444,-6.763155009399999,0 111.6881366597,-6.7626457548,0 111.6884305006,-6.7618331076,0 111.6883832709,-6.7604710286,0 111.6884900582,-6.7601317036,0 111.688667704,-6.759328145,0 111.688809563,-6.7585719294,0 111.6889250306,-6.7580451533,0 111.6890229532,-6.7577593964,0 111.6891389523,-6.7576074928,0 111.6892148173,-6.7574338589,0 111.6894571181,-6.7571609344,0 111.6900321347,-6.7570885426,0 111.690872249,-6.7569713178,0 111.6911328482,-6.7566362987,0 111.6911056374,-6.7563596421,0 111.6908506266,-6.7557657613,0 111.6908009813,-6.7554642654,0 111.6909075446,-6.754964279199999,0 111.6912999144,-6.7542942977,0 111.691386858981,-6.75417091660949,0 111.544434111703,-4.85249823954254,0 115.082221889292,-4.66028216922487,0 115.299165498453,-5.735826333779941,0 
							</coordinates>
						</LinearRing>
					</outerBoundaryIs>
				</Polygon>
			</MultiGeometry>
		</Placemark>
</Document>
</kml>
